seed_relative_path,seed_index,seed_source,source_rel_to_copy,source_page,url,alt,sha256,bytes,source_type,license_status,target_class,label_status,visual_review_status,notes
10_원천이미지_raw/20_학습후보/filter_bbox_seed_100plus/filter_seed_001.jpg,1,lg_official_round1_visual_accepted,10_원천이미지_raw/01_직접제공_승인후보/lg_official_filter_training_seed_accepted/lg_filter_seed_001.jpg,https://www.lge.co.kr/support/solutions-1433235107665,https://gscs.lge.com/gscs/support/fileupload/downloadFile.do?fileId=ZuSXJ0ELtSvb0Ila5WYblA&portalId=P1,타입A 후크를 위로 올리며 커버를 열어주세요.,fdcbf8743d0ddce944e3cdbc527d486ec8e170e10cb0a1f2ae28cec24af3ad44,93626,lg_official_support_public_page,official_public_support_candidate_not_explicit_training_license,filter,ready_for_roboflow_filter_bbox,accepted_filter_visible_candidate,LG official support image candidate; verify visual relevance before Roboflow labeling
10_원천이미지_raw/20_학습후보/filter_bbox_seed_100plus/filter_seed_002.jpg,2,lg_official_round1_visual_accepted,10_원천이미지_raw/01_직접제공_승인후보/lg_official_filter_training_seed_accepted/lg_filter_seed_002.jpg,https://www.lge.co.kr/support/solutions-1433235107665,https://gscs.lge.com/gscs/support/fileupload/downloadFile.do?fileId=SmiqIfQISRM1NDTuljayEg&portalId=P1,타입B 후크를 위로 올리며 커버를 열어주세요.,ce97a58203898e09fe221109c48ab6935ae1cc91de4784099b7c0810b2992e4f,85003,lg_official_support_public_page,official_public_support_candidate_not_explicit_training_license,filter,ready_for_roboflow_filter_bbox,accepted_filter_visible_candidate,LG official support image candidate; verify visual relevance before Roboflow labeling
10_원천이미지_raw/20_학습후보/filter_bbox_seed_100plus/filter_seed_003.jpg,3,lg_official_round1_visual_accepted,10_원천이미지_raw/01_직접제공_승인후보/lg_official_filter_training_seed_accepted/lg_filter_seed_003.jpg,https://www.lge.co.kr/support/solutions-1433235107665,https://gscs.lge.com/gscs/support/fileupload/downloadFile.do?fileId=L4RSY2YT6jVhVAJ65kssA&portalId=P1,타입C 후크를 전부 아래로 방향으로 하고 열어주세요.,20879b7911cb59dd133b7410b3d92b0f777aabb5066574f03d8a1a33b0a719ba,99259,lg_official_support_public_page,official_public_support_candidate_not_explicit_training_license,filter,ready_for_roboflow_filter_bbox,accepted_filter_visible_candidate,LG official support image candidate; verify visual relevance before Roboflow labeling
10_원천이미지_raw/20_학습후보/filter_bbox_seed_100plus/filter_seed_004.jpg,4,lg_official_round1_visual_accepted,10_원천이미지_raw/01_직접제공_승인후보/lg_official_filter_training_seed_accepted/lg_filter_seed_004.jpg,https://www.lge.co.kr/support/solutions-1433235107665,https://gscs.lge.com/gscs/support/fileupload/downloadFile.do?fileId=lh8j8GeJlMF3o8h11v4A&portalId=P1,고정걸이 두 곳을 눌러 프리필터를 꺼내세요.,c8f5e436a1dc44f04d1b94da2af4eda4908f61190d7363a0b981b368a9d50f2b,74399,lg_official_support_public_page,official_public_support_candidate_not_explicit_training_license,filter,ready_for_roboflow_filter_bbox,accepted_filter_visible_candidate,LG official support image candidate; verify visual relevance before Roboflow labeling
10_원천이미지_raw/20_학습후보/filter_bbox_seed_100plus/filter_seed_005.jpg,5,lg_official_round1_visual_accepted,10_원천이미지_raw/01_직접제공_승인후보/lg_official_filter_training_seed_accepted/lg_filter_seed_005.jpg,https://www.lge.co.kr/support/solutions-1433235107665,https://gscs.lge.com/gscs/support/fileupload/downloadFile.do?fileId=qKo6q6lEoHdXY7fieHLjA&portalId=P1,극초미세 먼지 필터의 고정 걸이 두 곳을 눌러 극초미세 먼지 필터를 꺼내세요.,cc370004ca491a86422bc539be572da95ee4eda3819b10b85f078bf5311a7696,91592,lg_official_support_public_page,official_public_support_candidate_not_explicit_training_license,filter,ready_for_roboflow_filter_bbox,accepted_filter_visible_candidate,LG official support image candidate; verify visual relevance before Roboflow labeling
10_원천이미지_raw/20_학습후보/filter_bbox_seed_100plus/filter_seed_006.jpg,6,lg_official_round1_visual_accepted,10_원천이미지_raw/01_직접제공_승인후보/lg_official_filter_training_seed_accepted/lg_filter_seed_006.jpg,https://www.lge.co.kr/support/solutions-1433235107665,https://gscs.lge.com/gscs/support/fileupload/downloadFile.do?fileId=RUd704mnRozjUtRfgCf5Q&portalId=P1,광촉매 탈취필터를 잡아당겨 꺼내세요.,93772d9b914dc0da21b0c5b15f4f1c4f891f7612a7fc8acb033dc7e7b6d3e07e,61372,lg_official_support_public_page,official_public_support_candidate_not_explicit_training_license,filter,ready_for_roboflow_filter_bbox,accepted_filter_visible_candidate,LG official support image candidate; verify visual relevance before Roboflow labeling
10_원천이미지_raw/20_학습후보/filter_bbox_seed_100plus/filter_seed_007.jpg,7,lg_official_round1_visual_accepted,10_원천이미지_raw/01_직접제공_승인후보/lg_official_filter_training_seed_accepted/lg_filter_seed_007.jpg,https://www.lge.co.kr/support/solutions-1433235107665,https://gscs.lge.com/gscs/support/fileupload/downloadFile.do?fileId=oyKh9GrWTeDZpSiBlqZFIQ&portalId=P1,분리한 필터를 진공청소기나 부드러운 솔로 청소해 줍니다.,22fe8fed595cd501d2d54af7e3efaf86438e2cec1a37ec913fd736cf84f8d0c4,82859,lg_official_support_public_page,official_public_support_candidate_not_explicit_training_license,filter,ready_for_roboflow_filter_bbox,accepted_filter_visible_candidate,LG official support image candidate; verify visual relevance before Roboflow labeling
10_원천이미지_raw/20_학습후보/filter_bbox_seed_100plus/filter_seed_008.jpg,8,lg_official_round1_visual_accepted,10_원천이미지_raw/01_직접제공_승인후보/lg_official_filter_training_seed_accepted/lg_filter_seed_008.jpg,https://www.lge.co.kr/support/solutions-1433235107665,https://gscs.lge.com/gscs/support/fileupload/downloadFile.do?fileId=4nCQpRMGPtJYki3PyHK4dg&portalId=P1,프리필터를 바람이 잘 통하고 그늘진 곳에서 말리세요.,582b7ca4e8f29d75eb60b5d6f0889c6afba3c06c28224d69b103026276ec0163,52394,lg_official_support_public_page,official_public_support_candidate_not_explicit_training_license,filter,ready_for_roboflow_filter_bbox,accepted_filter_visible_candidate,LG official support image candidate; verify visual relevance before Roboflow labeling
10_원천이미지_raw/20_학습후보/filter_bbox_seed_100plus/filter_seed_009.jpg,9,lg_official_round1_visual_accepted,10_원천이미지_raw/01_직접제공_승인후보/lg_official_filter_training_seed_accepted/lg_filter_seed_009.jpg,https://www.lge.co.kr/support/solutions-1433235107665,https://gscs.lge.com/gscs/support/fileupload/downloadFile.do?fileId=lMbBhURfkX32jAgLdDHIfw&portalId=P1,광촉매 탈취필터,84dcebba7bf1235a3c671bd5b01a183b50d56aa9efa3bdffd8218f2f802ecb45,29571,lg_official_support_public_page,official_public_support_candidate_not_explicit_training_license,filter,ready_for_roboflow_filter_bbox,accepted_filter_visible_candidate,LG official support image candidate; verify visual relevance before Roboflow labeling
10_원천이미지_raw/20_학습후보/filter_bbox_seed_100plus/filter_seed_010.jpg,10,lg_official_round1_visual_accepted,10_원천이미지_raw/01_직접제공_승인후보/lg_official_filter_training_seed_accepted/lg_filter_seed_010.jpg,https://www.lge.co.kr/support/solutions-1433235107665,https://gscs.lge.com/gscs/support/fileupload/downloadFile.do?fileId=vmcCJtIY1rvwBFl6URXUoA&portalId=P1,극초미세 먼지 필터,3cd9857e4b5313ca5746e0a39c128216a55a1f8843305025bcb68d597eb1400b,51465,lg_official_support_public_page,official_public_support_candidate_not_explicit_training_license,filter,ready_for_roboflow_filter_bbox,accepted_filter_visible_candidate,LG official support image candidate; verify visual relevance before Roboflow labeling
10_원천이미지_raw/20_학습후보/filter_bbox_seed_100plus/filter_seed_011.jpg,11,lg_official_round1_visual_accepted,10_원천이미지_raw/01_직접제공_승인후보/lg_official_filter_training_seed_accepted/lg_filter_seed_011.jpg,https://www.lge.co.kr/support/solutions-20150131974657,https://gscs.lge.com/gscs/support/fileupload/downloadFile.do?fileId=g3RjJsrThWf5sokIqXGoww&portalId=P1,필터케이스를 왼쪽으로 당겨서 꺼낸 후 필터케이스와 3M필터를 청소 후 다시 제자리로 조립하는 모습,312a1757849789aec18d199e98a161b54bec290dac2e080cb5700a4767909183,50377,lg_official_support_public_page,official_public_support_candidate_not_explicit_training_license,filter,ready_for_roboflow_filter_bbox,accepted_filter_visible_candidate,LG official support image candidate; verify visual relevance before Roboflow labeling
10_원천이미지_raw/20_학습후보/filter_bbox_seed_100plus/filter_seed_012.jpg,12,lg_official_round1_visual_accepted,10_원천이미지_raw/01_직접제공_승인후보/lg_official_filter_training_seed_accepted/lg_filter_seed_012.jpg,https://www.lge.co.kr/support/solutions-20150131974657,https://gscs.lge.com/gscs/support/fileupload/downloadFile.do?fileId=HM0DR9dJSbUR2jWfcW7Hg&portalId=P1,양쪽의 필터 손잡이를 당겨 필터를 분리하는 모습,e17c56223f75f96f584b8e761540f92612a151136335cdb40d72d831bd3e0e41,86484,lg_official_support_public_page,official_public_support_candidate_not_explicit_training_license,filter,ready_for_roboflow_filter_bbox,accepted_filter_visible_candidate,LG official support image candidate; verify visual relevance before Roboflow labeling
10_원천이미지_raw/20_학습후보/filter_bbox_seed_100plus/filter_seed_013.jpg,13,lg_official_round1_visual_accepted,10_원천이미지_raw/01_직접제공_승인후보/lg_official_filter_training_seed_accepted/lg_filter_seed_013.jpg,https://www.lge.co.kr/support/solutions-20150131974657,https://gscs.lge.com/gscs/support/fileupload/downloadFile.do?fileId=mcPjT7TGjvTLLl6B6uEw&portalId=P1,"상하, 양쪽의 필터 손잡이를 당겨 필터를 분리하는 모습 / 극세 필터 : 물 세척 가능 / 플러스 필터 : 물 세척 금지",6d2f87d9cbf10cf15f33b410cb4899d5786a5ccacbd017df0cb5377f6fc8bc45,116463,lg_official_support_public_page,official_public_support_candidate_not_explicit_training_license,filter,ready_for_roboflow_filter_bbox,accepted_filter_visible_candidate,LG official support image candidate; verify visual relevance before Roboflow labeling
10_원천이미지_raw/20_학습후보/filter_bbox_seed_100plus/filter_seed_014.jpg,14,lg_official_round1_visual_accepted,10_원천이미지_raw/01_직접제공_승인후보/lg_official_filter_training_seed_accepted/lg_filter_seed_014.jpg,https://www.lge.co.kr/support/solutions-20150131974657,https://gscs.lge.com/gscs/support/fileupload/downloadFile.do?fileId=TL8qVGvZnSKDqOzgJi3cg&portalId=P1,필터와 극세 필터를 분리 / 극세필터 : 물 세척 가능 / 초 미세 플러스 필터 또는 스모그 탈취 필터 : 물 세척 금지 / 초 미세 플러스 필터 또는 초미세 먼지 필터 : 물 세척 금지,254bc09bab359bf2418e646a76958d946ae9f4e81c9fb7a4035db433a37030ca,140041,lg_official_support_public_page,official_public_support_candidate_not_explicit_training_license,filter,ready_for_roboflow_filter_bbox,accepted_filter_visible_candidate,LG official support image candidate; verify visual relevance before Roboflow labeling
10_원천이미지_raw/20_학습후보/filter_bbox_seed_100plus/filter_seed_015.jpg,15,lg_official_round1_visual_accepted,10_원천이미지_raw/01_직접제공_승인후보/lg_official_filter_training_seed_accepted/lg_filter_seed_015.jpg,https://www.lge.co.kr/support/solutions-20150131974657,https://gscs.lge.com/gscs/support/fileupload/downloadFile.do?fileId=XYLJ2uzcTDx7CQXEbTIBBQ&portalId=P1,뷰 에어컨 후면 극세 필터를 옆으로 당겨서 꺼내는 그림,7a17dac422b524e1fa01654e718241d811becd61d4ff6cb4d3413f1fe38f5040,29786,lg_official_support_public_page,official_public_support_candidate_not_explicit_training_license,filter,ready_for_roboflow_filter_bbox,accepted_filter_visible_candidate,LG official support image candidate; verify visual relevance before Roboflow labeling
10_원천이미지_raw/20_학습후보/filter_bbox_seed_100plus/filter_seed_016.jpg,16,lg_official_round1_visual_accepted,10_원천이미지_raw/01_직접제공_승인후보/lg_official_filter_training_seed_accepted/lg_filter_seed_016.jpg,https://www.lge.co.kr/support/solutions-20150131974657,https://gscs.lge.com/gscs/support/fileupload/downloadFile.do?fileId=5xUJ2xD3rz2WkRniSE0LA&portalId=P1,뷰 에어컨 극세 필터는 물세척이 가능하고 안에 있는 알러지케어 집진 필터는 물세척이 불가능 하다는 그림,86ceb89917a7a091ebc5d1598a0f994ec01395575377f162f9b43e7dbc39934b,45177,lg_official_support_public_page,official_public_support_candidate_not_explicit_training_license,filter,ready_for_roboflow_filter_bbox,accepted_filter_visible_candidate,LG official support image candidate; verify visual relevance before Roboflow labeling
10_원천이미지_raw/20_학습후보/filter_bbox_seed_100plus/filter_seed_017.jpg,17,lg_official_round1_visual_accepted,10_원천이미지_raw/01_직접제공_승인후보/lg_official_filter_training_seed_accepted/lg_filter_seed_017.jpg,https://www.lge.co.kr/support/solutions-20150131974657,https://gscs.lge.com/gscs/support/fileupload/downloadFile.do?fileId=brx90uanEvvgH1nRWK4N5Q&portalId=P1,뷰 에어컨 후면 극세 필터를 옆으로 당겨서 꺼내는 그림,2bdc1d455aafc00a57a275faf1d20ca433fc79ef8bc3d7f0af774e1305535548,28084,lg_official_support_public_page,official_public_support_candidate_not_explicit_training_license,filter,ready_for_roboflow_filter_bbox,accepted_filter_visible_candidate,LG official support image candidate; verify visual relevance before Roboflow labeling
10_원천이미지_raw/20_학습후보/filter_bbox_seed_100plus/filter_seed_018.jpg,18,lg_official_round1_visual_accepted,10_원천이미지_raw/01_직접제공_승인후보/lg_official_filter_training_seed_accepted/lg_filter_seed_018.jpg,https://www.lge.co.kr/support/solutions-20150131974657,https://gscs.lge.com/gscs/support/fileupload/downloadFile.do?fileId=TdxlmmwfuFNuihH784qokQ&portalId=P1,쿨 에어컨 극세 필터는 물세척이 가능하고 안에 있는 알러지케어 집진 필터는 물세척이 불가능 하다는 그림,4179602d336a6f86b996e50de3769c4fa3877c71b3299483b9b79ccf7aef5f4b,49315,lg_official_support_public_page,official_public_support_candidate_not_explicit_training_license,filter,ready_for_roboflow_filter_bbox,accepted_filter_visible_candidate,LG official support image candidate; verify visual relevance before Roboflow labeling
10_원천이미지_raw/20_학습후보/filter_bbox_seed_100plus/filter_seed_019.jpg,19,lg_official_round1_visual_accepted,10_원천이미지_raw/01_직접제공_승인후보/lg_official_filter_training_seed_accepted/lg_filter_seed_019.jpg,https://www.lge.co.kr/support/solutions-20150131974657,https://gscs.lge.com/gscs/support/fileupload/downloadFile.do?fileId=HLN0U256jwBa2ZeTPwJldg&portalId=P1,A Type 에어컨의 필터를 아래로 당겨 꺼내는 모습,1b0ee271306d0cdbbe67f7626ee292b1f1ccffb5d914428010c7da705df77d3d,31456,lg_official_support_public_page,official_public_support_candidate_not_explicit_training_license,filter,ready_for_roboflow_filter_bbox,accepted_filter_visible_candidate,LG official support image candidate; verify visual relevance before Roboflow labeling
10_원천이미지_raw/20_학습후보/filter_bbox_seed_100plus/filter_seed_020.jpg,20,lg_official_round1_visual_accepted,10_원천이미지_raw/01_직접제공_승인후보/lg_official_filter_training_seed_accepted/lg_filter_seed_020.jpg,https://www.lge.co.kr/support/solutions-20150131974657,https://gscs.lge.com/gscs/support/fileupload/downloadFile.do?fileId=NUxS1aL7gdACbAjqfwMkQ&portalId=P1,B Type 에어컨의 상단부 필터를 위로 들어 분리하는 모습,4a5a83039f8134a7e2da9069c7517cdee38e4f957e7de4b1a26a003fde14255a,28315,lg_official_support_public_page,official_public_support_candidate_not_explicit_training_license,filter,ready_for_roboflow_filter_bbox,accepted_filter_visible_candidate,LG official support image candidate; verify visual relevance before Roboflow labeling
10_원천이미지_raw/20_학습후보/filter_bbox_seed_100plus/filter_seed_021.jpg,21,lg_official_round1_visual_accepted,10_원천이미지_raw/01_직접제공_승인후보/lg_official_filter_training_seed_accepted/lg_filter_seed_021.jpg,https://www.lge.co.kr/support/solutions-20150160251795,https://gscs.lge.com/gscs/support/fileupload/downloadFile.do?fileId=EkhV31gZWcjZjrBzHu30g&portalId=P1,"필터 교체 순서. 필터 케이스 분리, 후크를 눌러 초미세플러스필터 제거, 새 3M 필터 장착. 필터 케이스 장착.",490a5cd21fb0b1953940c2a97efbeeeef1f7f2af42bdb019d9e809c1adbcbc21,73772,lg_official_support_public_page,official_public_support_candidate_not_explicit_training_license,filter,ready_for_roboflow_filter_bbox,accepted_filter_visible_candidate,LG official support image candidate; verify visual relevance before Roboflow labeling
10_원천이미지_raw/20_학습후보/filter_bbox_seed_100plus/filter_seed_022.jpg,22,lg_official_round1_visual_accepted,10_원천이미지_raw/01_직접제공_승인후보/lg_official_filter_training_seed_accepted/lg_filter_seed_022.jpg,https://www.lge.co.kr/support/solutions-20150160251795,https://gscs.lge.com/gscs/support/fileupload/downloadFile.do?fileId=sBaU94FkNVF4VdwOpB9sAw&portalId=P1,"초미세 미니 필터 또는 스모그 탈취 필터 물 세척 금지 / 초미세 플러스 필터 또는 초미세 먼지 필터 물 세척 금지 / 후크를 열어 가운데 필터 및 위, 아래 필터를 꺼낸 후 극세 필터가 보이고 극세 필터는 물 세척 가능",ae7229561d0e4a82f8f35e3b9d3ae078534e9c2a9fa1bf408783ec921200337f,130615,lg_official_support_public_page,official_public_support_candidate_not_explicit_training_license,filter,ready_for_roboflow_filter_bbox,accepted_filter_visible_candidate,LG official support image candidate; verify visual relevance before Roboflow labeling
10_원천이미지_raw/20_학습후보/filter_bbox_seed_100plus/filter_seed_023.jpg,23,lg_official_round1_visual_accepted,10_원천이미지_raw/01_직접제공_승인후보/lg_official_filter_training_seed_accepted/lg_filter_seed_023.jpg,https://www.lge.co.kr/support/solutions-20150160251795,https://gscs.lge.com/gscs/support/fileupload/downloadFile.do?fileId=E3pPXd3phKIWqRuQp1g&portalId=P1,극세 필터,b657427571346adaabe8b8eae43dfc24044ed64c2ee8577d75c5c60499b3bcb3,24540,lg_official_support_public_page,official_public_support_candidate_not_explicit_training_license,filter,ready_for_roboflow_filter_bbox,accepted_filter_visible_candidate,LG official support image candidate; verify visual relevance before Roboflow labeling
10_원천이미지_raw/20_학습후보/filter_bbox_seed_100plus/filter_seed_024.jpg,24,lg_official_round1_visual_accepted,10_원천이미지_raw/01_직접제공_승인후보/lg_official_filter_training_seed_accepted/lg_filter_seed_024.jpg,https://www.lge.co.kr/support/solutions-20150160251795,https://gscs.lge.com/gscs/support/fileupload/downloadFile.do?fileId=MBHbieq3gBT8pjGNyuxUmg&portalId=P1,초미세 플러스 필터,894e3961e03ed0241d147b27a1d54dfa3d8eedc669bd6d12474845b0a4d91599,608520,lg_official_support_public_page,official_public_support_candidate_not_explicit_training_license,filter,ready_for_roboflow_filter_bbox,accepted_filter_visible_candidate,LG official support image candidate; verify visual relevance before Roboflow labeling
10_원천이미지_raw/20_학습후보/filter_bbox_seed_100plus/filter_seed_025.jpg,25,lg_official_round1_visual_accepted,10_원천이미지_raw/01_직접제공_승인후보/lg_official_filter_training_seed_accepted/lg_filter_seed_025.jpg,https://www.lge.co.kr/support/solutions-20150160251795,https://gscs.lge.com/gscs/support/fileupload/downloadFile.do?fileId=s93ct0Gz8XmCtwygHl8IxA&portalId=P1,초미세 미니필터,ab4f69b3ca15821c59de4ee8407a6453fa0ef8920f1d4ea2c94c69644ce70ae9,653904,lg_official_support_public_page,official_public_support_candidate_not_explicit_training_license,filter,ready_for_roboflow_filter_bbox,accepted_filter_visible_candidate,LG official support image candidate; verify visual relevance before Roboflow labeling
10_원천이미지_raw/20_학습후보/filter_bbox_seed_100plus/filter_seed_026.jpg,26,lg_official_round1_visual_accepted,10_원천이미지_raw/01_직접제공_승인후보/lg_official_filter_training_seed_accepted/lg_filter_seed_026.jpg,https://www.lge.co.kr/support/solutions-20150160251795,https://gscs.lge.com/gscs/support/fileupload/downloadFile.do?fileId=z3RU1abtMi3qS2DRQmMdg&portalId=P1,탈취 필터,ac8dcb55d3b8d1fc15c6bb9c6d86ae99b1fad86c574096a9e80611cf47733c27,777256,lg_official_support_public_page,official_public_support_candidate_not_explicit_training_license,filter,ready_for_roboflow_filter_bbox,accepted_filter_visible_candidate,LG official support image candidate; verify visual relevance before Roboflow labeling
10_원천이미지_raw/20_학습후보/filter_bbox_seed_100plus/filter_seed_027.jpg,27,lg_official_round1_visual_accepted,10_원천이미지_raw/01_직접제공_승인후보/lg_official_filter_training_seed_accepted/lg_filter_seed_027.jpg,https://www.lge.co.kr/support/solutions-20150160251795,https://gscs.lge.com/gscs/support/fileupload/downloadFile.do?fileId=wmCU6cQOG9umszDi0Agaww&portalId=P1,플라즈마 집진 필터,7534339d62bfe763429851324618e70c1757cb8c9e169b564b91ccef101464c7,739270,lg_official_support_public_page,official_public_support_candidate_not_explicit_training_license,filter,ready_for_roboflow_filter_bbox,accepted_filter_visible_candidate,LG official support image candidate; verify visual relevance before Roboflow labeling
10_원천이미지_raw/20_학습후보/filter_bbox_seed_100plus/filter_seed_028.jpg,28,lg_official_round1_visual_accepted,10_원천이미지_raw/01_직접제공_승인후보/lg_official_filter_training_seed_accepted/lg_filter_seed_028.jpg,https://www.lge.co.kr/support/solutions-20150160251795,https://gscs.lge.com/gscs/support/fileupload/downloadFile.do?fileId=gRPeFYliodiCw7U8UmQzg&portalId=P1,집진 필터,eb73c9d1cb35ce287d2b430751567962652528e4f3bf8d724d222ca71400c3cd,45571,lg_official_support_public_page,official_public_support_candidate_not_explicit_training_license,filter,ready_for_roboflow_filter_bbox,accepted_filter_visible_candidate,LG official support image candidate; verify visual relevance before Roboflow labeling
10_원천이미지_raw/20_학습후보/filter_bbox_seed_100plus/filter_seed_029.jpg,29,lg_official_round1_visual_accepted,10_원천이미지_raw/01_직접제공_승인후보/lg_official_filter_training_seed_accepted/lg_filter_seed_029.jpg,https://www.lge.co.kr/support/solutions-20155004691164,https://gscs.lge.com/gscs/support/fileupload/downloadFile.do?fileId=qJ5OsI2rgJ1U28G8j18yZA&portalId=P1,1. 극세 필터 덮개 분리하기 2. 극세 필터 분리하기 3. 극세 필터 청소하기 4. 극세 필터 건조하기,79927d38ae38f677029b0ef889795f379514501240172fb5839f1f67a6ab2a95,78180,lg_official_support_public_page,official_public_support_candidate_not_explicit_training_license,filter,ready_for_roboflow_filter_bbox,accepted_filter_visible_candidate,LG official support image candidate; verify visual relevance before Roboflow labeling
10_원천이미지_raw/20_학습후보/filter_bbox_seed_100plus/filter_seed_030.jpg,30,lg_official_round1_visual_accepted,10_원천이미지_raw/01_직접제공_승인후보/lg_official_filter_training_seed_accepted/lg_filter_seed_030.jpg,https://www.lge.co.kr/support/solutions-20155004691164,https://gscs.lge.com/gscs/support/fileupload/downloadFile.do?fileId=HNXDwm0vCALJl916RZmKzw&portalId=P1,창문형 에어컨의 극세 필터 덮개 및 극세 필터를 분리한 후 물로 세척하고 그늘에 말리는 그림,6e5ee494c08c0f801cbf207f3dfc4c41d7d3f02e91895cd8d71c2079ed88dafd,119189,lg_official_support_public_page,official_public_support_candidate_not_explicit_training_license,filter,ready_for_roboflow_filter_bbox,accepted_filter_visible_candidate,LG official support image candidate; verify visual relevance before Roboflow labeling
10_원천이미지_raw/20_학습후보/filter_bbox_seed_100plus/filter_seed_031.jpg,31,lg_official_round1_visual_accepted,10_원천이미지_raw/01_직접제공_승인후보/lg_official_filter_training_seed_accepted/lg_filter_seed_031.jpg,https://www.lge.co.kr/support/solutions-20155004691164,https://gscs.lge.com/gscs/support/fileupload/downloadFile.do?fileId=3biFfv2xSOboSVQ2pyzS6g&portalId=P1,싱글 호스 이동식 에어컨의 극세 필터 덮개 및 극세 필터를 분리한 후 물로 세척하고 그늘에 말리는 그림,16fe97b2a2a30d3eb39bc9063e3c818c4f428bc83f42a1fdac277f52aecb802e,148045,lg_official_support_public_page,official_public_support_candidate_not_explicit_training_license,filter,ready_for_roboflow_filter_bbox,accepted_filter_visible_candidate,LG official support image candidate; verify visual relevance before Roboflow labeling
10_원천이미지_raw/20_학습후보/filter_bbox_seed_100plus/filter_seed_032.jpg,32,lg_official_round1_visual_accepted,10_원천이미지_raw/01_직접제공_승인후보/lg_official_filter_training_seed_accepted/lg_filter_seed_032.jpg,https://www.lge.co.kr/support/solutions-20155004691164,https://gscs.lge.com/gscs/support/fileupload/downloadFile.do?fileId=KABgf0Wrx55dWiZN53z1LQ&portalId=P1,듀얼 호스 이동식 에어컨의 호스 아래 나사를 제거 후 필터를 분리한 후 물로 세척하고 그늘에 말리는 그림,05a4e671f3cba889457dfce1536ddcb6a03bdda6476d2efd5c91fe02876a81c2,154246,lg_official_support_public_page,official_public_support_candidate_not_explicit_training_license,filter,ready_for_roboflow_filter_bbox,accepted_filter_visible_candidate,LG official support image candidate; verify visual relevance before Roboflow labeling
10_원천이미지_raw/20_학습후보/filter_bbox_seed_100plus/filter_seed_033.jpg,33,lg_official_round1_visual_accepted,10_원천이미지_raw/01_직접제공_승인후보/lg_official_filter_training_seed_accepted/lg_filter_seed_033.jpg,https://www.lge.co.kr/support/video-tutorials-20150104467528,https://gscs.lge.com/gscs/support/fileupload/downloadFile.do?fileId=C0LmTYIVxtAkAwXtplMzg&portalId=P1,전면 그릴의 도어락 2개를 누르는 모습,35b9a958e7d01f69756af58d9ad7d35c932ee41ac3bf2b3430b72382fb0d62cf,35510,lg_official_support_public_page,official_public_support_candidate_not_explicit_training_license,filter,ready_for_roboflow_filter_bbox,accepted_filter_visible_candidate,LG official support image candidate; verify visual relevance before Roboflow labeling
10_원천이미지_raw/20_학습후보/filter_bbox_seed_100plus/filter_seed_034.jpg,34,lg_official_round1_visual_accepted,10_원천이미지_raw/01_직접제공_승인후보/lg_official_filter_training_seed_accepted/lg_filter_seed_034.jpg,https://www.lge.co.kr/support/video-tutorials-20150104467528,https://gscs.lge.com/gscs/support/fileupload/downloadFile.do?fileId=Kj8YB6QZZNjn3FlAWLsaw&portalId=P1,전면 그릴이 열린 상태에서 필터를 분리하는 모습,e36bbc4d8e1288a4522cb8b568ad896155ae24ae1b7348a45c5a92d28611ea96,42891,lg_official_support_public_page,official_public_support_candidate_not_explicit_training_license,filter,ready_for_roboflow_filter_bbox,accepted_filter_visible_candidate,LG official support image candidate; verify visual relevance before Roboflow labeling
10_원천이미지_raw/20_학습후보/filter_bbox_seed_100plus/filter_seed_035.jpg,35,lg_official_round1_visual_accepted,10_원천이미지_raw/01_직접제공_승인후보/lg_official_filter_training_seed_accepted/lg_filter_seed_035.jpg,https://www.lge.co.kr/support/video-tutorials-20150104467528,https://gscs.lge.com/gscs/support/fileupload/downloadFile.do?fileId=PmndSXXAWosyZsPtEJt2g&portalId=P1,"분리한 필터를 부드러운 솔로 청소를 하거나, 중성세제를 탄  물에 청소하는 모습",86010f73055858ffe3cc0ef4fc01473e78b9c757bc45e119cb0fd81cd007ad8a,28708,lg_official_support_public_page,official_public_support_candidate_not_explicit_training_license,filter,ready_for_roboflow_filter_bbox,accepted_filter_visible_candidate,LG official support image candidate; verify visual relevance before Roboflow labeling
10_원천이미지_raw/20_학습후보/filter_bbox_seed_100plus/filter_seed_036.jpg,36,lg_official_round1_visual_accepted,10_원천이미지_raw/01_직접제공_승인후보/lg_official_filter_training_seed_accepted/lg_filter_seed_036.jpg,https://www.lge.co.kr/support/video-tutorials-20150104467528,https://gscs.lge.com/gscs/support/fileupload/downloadFile.do?fileId=c1VrEou5V1LaSQBxBC7aQ&portalId=P1,전면 그릴의 뒤쪽연결고리를 제품에 거는 모습,bb1ece1140c36e5249b3c73658733b991954e1542ee72f8d47d2092ee6bc7583,37844,lg_official_support_public_page,official_public_support_candidate_not_explicit_training_license,filter,ready_for_roboflow_filter_bbox,accepted_filter_visible_candidate,LG official support image candidate; verify visual relevance before Roboflow labeling
10_원천이미지_raw/20_학습후보/filter_bbox_seed_100plus/filter_seed_037.jpg,37,lg_official_round1_visual_accepted,10_원천이미지_raw/01_직접제공_승인후보/lg_official_filter_training_seed_accepted/lg_filter_seed_037.jpg,https://www.lge.co.kr/support/solutions-1780456,https://gscs.lge.com/gscs/support/fileupload/downloadFile.do?fileId=L992R2SpIawJkeC3JfAw&portalId=P1,A 타입 : 위로 커버를 연 후 앞으로 당겨서 분리 / B 타입 : 상부에 있는 필터 손잡이를 잡고 위로 올려 필터를 분리,65ae74c7388d3193ebf956d6c5ca649b974395abb1e7157a3805beaec4c4f9bf,71885,lg_official_support_public_page,official_public_support_candidate_not_explicit_training_license,filter,ready_for_roboflow_filter_bbox,accepted_filter_visible_candidate,LG official support image candidate; verify visual relevance before Roboflow labeling
10_원천이미지_raw/20_학습후보/filter_bbox_seed_100plus/filter_seed_038.jpg,38,lg_official_round1_visual_accepted,10_원천이미지_raw/01_직접제공_승인후보/lg_official_filter_training_seed_accepted/lg_filter_seed_038.jpg,https://www.lge.co.kr/support/solutions-1780456,https://gscs.lge.com/gscs/support/fileupload/downloadFile.do?fileId=kWqXaRvmWGUNpQjvSvfnw&portalId=P1,향균 필터를 빼서 진공 청소기나 부드러운 솔로 청소 후 그늘에서 잘 말립니다.,7244068de2133c11ccb4444f26b8534f154c53e20eb9a69c592b490e8efbb721,64561,lg_official_support_public_page,official_public_support_candidate_not_explicit_training_license,filter,ready_for_roboflow_filter_bbox,accepted_filter_visible_candidate,LG official support image candidate; verify visual relevance before Roboflow labeling
10_원천이미지_raw/20_학습후보/filter_bbox_seed_100plus/filter_seed_039.jpg,39,lg_official_round1_visual_accepted,10_원천이미지_raw/01_직접제공_승인후보/lg_official_filter_training_seed_accepted/lg_filter_seed_039.jpg,https://www.lge.co.kr/support/solutions-1780456,https://gscs.lge.com/gscs/support/fileupload/downloadFile.do?fileId=eIMOYTnTTi5t8zbvJhOPJQ&portalId=P1,"TVF 필터, 3중 필터를 빼내 진공 청소기나 솔로 청소합니다.",310ddeed25856aa7d5bc9f2981271e9a6e48b883ce2f4e1746d9190f225e3020,88750,lg_official_support_public_page,official_public_support_candidate_not_explicit_training_license,filter,ready_for_roboflow_filter_bbox,accepted_filter_visible_candidate,LG official support image candidate; verify visual relevance before Roboflow labeling
10_원천이미지_raw/20_학습후보/filter_bbox_seed_100plus/filter_seed_040.jpg,40,lg_official_round1_visual_accepted,10_원천이미지_raw/01_직접제공_승인후보/lg_official_filter_training_seed_accepted/lg_filter_seed_040.jpg,https://www.lge.co.kr/support/solutions-1780456,https://gscs.lge.com/gscs/support/fileupload/downloadFile.do?fileId=RE75478c33pn8ZT7HvWMiw&portalId=P1,필터열기 버튼을 누른 후 열림 스위치를 우측으로 밀면서 전면 패널을 엽니다.,31428fc73ad3a8b88c9c0f4d71e7f030ad6063a1dad95c5fa270bbf791069cd9,93728,lg_official_support_public_page,official_public_support_candidate_not_explicit_training_license,filter,ready_for_roboflow_filter_bbox,accepted_filter_visible_candidate,LG official support image candidate; verify visual relevance before Roboflow labeling
10_원천이미지_raw/20_학습후보/filter_bbox_seed_100plus/filter_seed_041.jpg,41,lg_official_round1_visual_accepted,10_원천이미지_raw/01_직접제공_승인후보/lg_official_filter_training_seed_accepted/lg_filter_seed_041.jpg,https://www.lge.co.kr/support/solutions-1780456,https://gscs.lge.com/gscs/support/fileupload/downloadFile.do?fileId=3Sfq4wUFMm0gGDJ6FMmZMA&portalId=P1,향균 필터를 잡아 밑으로 빼서 청소한 후 그늘에 잘 말립니다.,70fabba562043abe748ad5c9fd7f695363e727372b2ae83b8f3748db4f99d358,71868,lg_official_support_public_page,official_public_support_candidate_not_explicit_training_license,filter,ready_for_roboflow_filter_bbox,accepted_filter_visible_candidate,LG official support image candidate; verify visual relevance before Roboflow labeling
10_원천이미지_raw/20_학습후보/filter_bbox_seed_100plus/filter_seed_042.jpg,42,lg_official_round1_visual_accepted,10_원천이미지_raw/01_직접제공_승인후보/lg_official_filter_training_seed_accepted/lg_filter_seed_042.jpg,https://www.lge.co.kr/support/solutions-1780456,https://gscs.lge.com/gscs/support/fileupload/downloadFile.do?fileId=iRH9fKxoVXW2jflGh90A&portalId=P1,"TVF 필터, 3중 필터를 빼내 진공 청소기나 부드러운 솔로 청소합니다.",e40e4ff42fec0c6bfa8e61bf0368a5b7cda2b210948602e5df4b7ca8207ae784,92047,lg_official_support_public_page,official_public_support_candidate_not_explicit_training_license,filter,ready_for_roboflow_filter_bbox,accepted_filter_visible_candidate,LG official support image candidate; verify visual relevance before Roboflow labeling
10_원천이미지_raw/20_학습후보/filter_bbox_seed_100plus/filter_seed_043.jpg,43,lg_official_round1_visual_accepted,10_원천이미지_raw/01_직접제공_승인후보/lg_official_filter_training_seed_accepted/lg_filter_seed_043.jpg,https://www.lge.co.kr/support/solutions-1433237910132,https://gscs.lge.com/gscs/support/fileupload/downloadFile.do?fileId=7S9aUnfyuz66JAYmABhag&portalId=P1,천장 매립형 덕트 에어컨 필터를 부드러운 솔로 청소하거나 중성세제를 이용해 물로 씻는 모습,e640bbffb8cb710c517bdc35abebd8e1a3ab804cc485192151ba48ef432b0aa0,84180,lg_official_support_public_page,official_public_support_candidate_not_explicit_training_license,filter,ready_for_roboflow_filter_bbox,accepted_filter_visible_candidate,LG official support image candidate; verify visual relevance before Roboflow labeling
10_원천이미지_raw/20_학습후보/filter_bbox_seed_100plus/filter_seed_044.jpg,44,lg_official_round1_visual_accepted,10_원천이미지_raw/01_직접제공_승인후보/lg_official_filter_training_seed_accepted/lg_filter_seed_044.jpg,https://www.lge.co.kr/support/solutions-1433237910132,https://gscs.lge.com/gscs/support/fileupload/downloadFile.do?fileId=X5RctO93j4DA6xeWqCkxkw&portalId=P1,천장 매립형 덕트 에어컨의 청소된 필터를 그늘에 말리는 모습,3b399c17ddf076fa3053157880b80304ee063d0823790274695b9f60bcd7050c,53776,lg_official_support_public_page,official_public_support_candidate_not_explicit_training_license,filter,ready_for_roboflow_filter_bbox,accepted_filter_visible_candidate,LG official support image candidate; verify visual relevance before Roboflow labeling
10_원천이미지_raw/20_학습후보/filter_bbox_seed_100plus/filter_seed_045.jpg,45,lg_official_round1_visual_accepted,10_원천이미지_raw/01_직접제공_승인후보/lg_official_filter_training_seed_accepted/lg_filter_seed_045.jpg,https://www.lge.co.kr/support/video-tutorials-1433237647090,https://gscs.lge.com/gscs/support/fileupload/downloadFile.do?fileId=nYTAQ7WwqG184Q0Kc8f4sw&portalId=P1,전면 그릴의 고정걸이를 누르고 내리는 모습,a30c114dee5135ab0c90628f5b33c898ff568cda9ddb8e7c0b5ef97a4df37b4d,103355,lg_official_support_public_page,official_public_support_candidate_not_explicit_training_license,filter,ready_for_roboflow_filter_bbox,accepted_filter_visible_candidate,LG official support image candidate; verify visual relevance before Roboflow labeling
10_원천이미지_raw/20_학습후보/filter_bbox_seed_100plus/filter_seed_046.jpg,46,lg_official_round1_visual_accepted,10_원천이미지_raw/01_직접제공_승인후보/lg_official_filter_training_seed_accepted/lg_filter_seed_046.jpg,https://www.lge.co.kr/support/video-tutorials-1433237647090,https://gscs.lge.com/gscs/support/fileupload/downloadFile.do?fileId=hL3pYRqklJGailIf9SExHg&portalId=P1,"분리한 필터를 부드러운 솔로 청소를 하거나, 중성세제를 탄  물에 청소하는 모습",dc2fd73fd0e0ed27bdfb1325be0e649610be0863d3c0eb7ee755e5c0c0f34531,73427,lg_official_support_public_page,official_public_support_candidate_not_explicit_training_license,filter,ready_for_roboflow_filter_bbox,accepted_filter_visible_candidate,LG official support image candidate; verify visual relevance before Roboflow labeling
10_원천이미지_raw/20_학습후보/filter_bbox_seed_100plus/filter_seed_047.jpg,47,lg_official_round1_visual_accepted,10_원천이미지_raw/01_직접제공_승인후보/lg_official_filter_training_seed_accepted/lg_filter_seed_047.jpg,https://www.lge.co.kr/support/video-tutorials-1433237647090,https://gscs.lge.com/gscs/support/fileupload/downloadFile.do?fileId=YPaPluW92ze5xKxjJRAJw&portalId=P1,전면 그릴에 필터를 조립 후 닫아주는 모습,2b06787cc1c91aeed554862ba47ecf9c91ac1a49ff2d130e002eb06c484eb1b6,97436,lg_official_support_public_page,official_public_support_candidate_not_explicit_training_license,filter,ready_for_roboflow_filter_bbox,accepted_filter_visible_candidate,LG official support image candidate; verify visual relevance before Roboflow labeling
10_원천이미지_raw/20_학습후보/filter_bbox_seed_100plus/filter_seed_048.jpg,48,lg_official_round1_visual_accepted,10_원천이미지_raw/01_직접제공_승인후보/lg_official_filter_training_seed_accepted/lg_filter_seed_048.jpg,https://www.lge.co.kr/support/solutions-20151624946326,https://gscs.lge.com/gscs/support/fileupload/downloadFile.do?fileId=wAgl7qHOvmHCmCDz6R2LA&portalId=P1,LG벽걸이에어컨 A Type은 덮개를 위로 들어올려서 필터를 꺼내는 방법 / B Type은 상부 뚜껑을 위로 들어올려서 뺀다음 필터를 꺼내는 방법,82b6f1b07ccc84320dee2f4e81eb3affbe2b3a31258dc845c9ac544962ba56d9,81856,lg_official_support_public_page,official_public_support_candidate_not_explicit_training_license,filter,ready_for_roboflow_filter_bbox,accepted_filter_visible_candidate,LG official support image candidate; verify visual relevance before Roboflow labeling
10_원천이미지_raw/20_학습후보/filter_bbox_seed_100plus/filter_seed_049.jpg,49,lg_official_round1_visual_accepted,10_원천이미지_raw/01_직접제공_승인후보/lg_official_filter_training_seed_accepted/lg_filter_seed_049.jpg,https://www.lge.co.kr/support/solutions-20152649118201,https://gscs.lge.com/gscs/support/fileupload/downloadFile.do?fileId=k9los4dZJILqDpQLzqCFg&portalId=P1,극초미세 먼지필터,9f90d60c247faa415cc99e8d7ede6e9a40fb068848f9377d699b3ff3ae949f6b,49591,lg_official_support_public_page,official_public_support_candidate_not_explicit_training_license,filter,ready_for_roboflow_filter_bbox,accepted_filter_visible_candidate,LG official support image candidate; verify visual relevance before Roboflow labeling
10_원천이미지_raw/20_학습후보/filter_bbox_seed_100plus/filter_seed_050.jpg,50,lg_official_round1_visual_accepted,10_원천이미지_raw/01_직접제공_승인후보/lg_official_filter_training_seed_accepted/lg_filter_seed_050.jpg,https://www.lge.co.kr/support/solutions-20152649118201,https://gscs.lge.com/gscs/support/fileupload/downloadFile.do?fileId=35UaqWkp5KHGWHcGKTU2eg&portalId=P1,광촉매 탈취필터,9ad083ca004d5ee2ac5750260394835fb5859e8783ed87b6455640028aa06a62,32725,lg_official_support_public_page,official_public_support_candidate_not_explicit_training_license,filter,ready_for_roboflow_filter_bbox,accepted_filter_visible_candidate,LG official support image candidate; verify visual relevance before Roboflow labeling
10_원천이미지_raw/20_학습후보/filter_bbox_seed_100plus/filter_seed_051.jpg,51,lg_official_round1_visual_accepted,10_원천이미지_raw/01_직접제공_승인후보/lg_official_filter_training_seed_accepted/lg_filter_seed_051.jpg,https://www.lge.co.kr/support/solutions-20152649118201,https://gscs.lge.com/gscs/support/fileupload/downloadFile.do?fileId=Rg0dZaqMUDud3F6wODjg&portalId=P1,직사각형 모델 필터의 화살표 각인 3곳,7d49d7bf8d91199ad5794c1320226ec9fc7ff8ec611ae8d527eeac8b7e68b1e2,77980,lg_official_support_public_page,official_public_support_candidate_not_explicit_training_license,filter,ready_for_roboflow_filter_bbox,accepted_filter_visible_candidate,LG official support image candidate; verify visual relevance before Roboflow labeling
10_원천이미지_raw/20_학습후보/filter_bbox_seed_100plus/filter_seed_052.jpg,52,lg_official_round1_visual_accepted,10_원천이미지_raw/01_직접제공_승인후보/lg_official_filter_training_seed_accepted/lg_filter_seed_052.jpg,https://www.lge.co.kr/support/solutions-20152649118201,https://gscs.lge.com/gscs/support/fileupload/downloadFile.do?fileId=5zIdI06Hhlfx8vUPf1YfNg&portalId=P1,필터 케이스 거치대에서 손잡이 부분을 잡고 화살표 방향으로 당겨 극 초미세 먼지 필터를 분리,10c64c9987643e51939e270ffb55e0594257dd8247db1f64608140f7e3a55241,141169,lg_official_support_public_page,official_public_support_candidate_not_explicit_training_license,filter,ready_for_roboflow_filter_bbox,accepted_filter_visible_candidate,LG official support image candidate; verify visual relevance before Roboflow labeling
10_원천이미지_raw/20_학습후보/filter_bbox_seed_100plus/filter_seed_053.jpg,53,lg_official_round1_visual_accepted,10_원천이미지_raw/01_직접제공_승인후보/lg_official_filter_training_seed_accepted/lg_filter_seed_053.jpg,https://www.lge.co.kr/support/solutions-20152649118201,https://gscs.lge.com/gscs/support/fileupload/downloadFile.do?fileId=yxVuV9qL2FFIAJRWshPXUQ&portalId=P1,극 초미세 먼지 필터를 분리,52b1711a63663133f2eb08495a434fd38624766df69971305beac60a6c4f2ba1,143690,lg_official_support_public_page,official_public_support_candidate_not_explicit_training_license,filter,ready_for_roboflow_filter_bbox,accepted_filter_visible_candidate,LG official support image candidate; verify visual relevance before Roboflow labeling
10_원천이미지_raw/20_학습후보/filter_bbox_seed_100plus/filter_seed_054.jpg,54,lg_official_round1_visual_accepted,10_원천이미지_raw/01_직접제공_승인후보/lg_official_filter_training_seed_accepted/lg_filter_seed_054.jpg,https://www.lge.co.kr/support/solutions-20152649118201,https://gscs.lge.com/gscs/support/fileupload/downloadFile.do?fileId=xoYEWn8bff54vrySR7zcYQ&portalId=P1,Type1: 손잡이를 당겨 광촉매 탈취필터를 분리,5af12ea1d477ab5a07da824b944cd25dd91380c4d584e7fce7b97521a459f6c3,132598,lg_official_support_public_page,official_public_support_candidate_not_explicit_training_license,filter,ready_for_roboflow_filter_bbox,accepted_filter_visible_candidate,LG official support image candidate; verify visual relevance before Roboflow labeling
10_원천이미지_raw/20_학습후보/filter_bbox_seed_100plus/filter_seed_055.jpg,55,lg_official_round1_visual_accepted,10_원천이미지_raw/01_직접제공_승인후보/lg_official_filter_training_seed_accepted/lg_filter_seed_055.jpg,https://www.lge.co.kr/support/solutions-20152649118201,https://gscs.lge.com/gscs/support/fileupload/downloadFile.do?fileId=G7XDwjI16LyZ6GN3NwoVg&portalId=P1,Type2: 손잡이를 당겨 광촉매 탈취필터를 분리,e257ad9f82fc81985828cf8ccbcaa85c3fb01a6ce649730785b831705f7b8d07,84340,lg_official_support_public_page,official_public_support_candidate_not_explicit_training_license,filter,ready_for_roboflow_filter_bbox,accepted_filter_visible_candidate,LG official support image candidate; verify visual relevance before Roboflow labeling
10_원천이미지_raw/20_학습후보/filter_bbox_seed_100plus/filter_seed_056.jpg,56,lg_official_round1_visual_accepted,10_원천이미지_raw/01_직접제공_승인후보/lg_official_filter_training_seed_accepted/lg_filter_seed_056.jpg,https://www.lge.co.kr/support/solutions-20152649118201,https://gscs.lge.com/gscs/support/fileupload/downloadFile.do?fileId=Ie8oV4TSTBNawkdjjTgtQ&portalId=P1,양쪽에 있는 고정 걸이를 누르고 전면 그릴을 여는 모습,38ab093ca026bbb3e48d476c0db9353d670a7d79e3de382c16e5f7900c6eab05,133102,lg_official_support_public_page,official_public_support_candidate_not_explicit_training_license,filter,ready_for_roboflow_filter_bbox,accepted_filter_visible_candidate,LG official support image candidate; verify visual relevance before Roboflow labeling
10_원천이미지_raw/20_학습후보/filter_bbox_seed_100plus/filter_seed_057.jpg,57,lg_official_round1_visual_accepted,10_원천이미지_raw/01_직접제공_승인후보/lg_official_filter_training_seed_accepted/lg_filter_seed_057.jpg,https://www.lge.co.kr/support/solutions-20152649118201,https://gscs.lge.com/gscs/support/fileupload/downloadFile.do?fileId=R0CkCR10GfCE3bqOC2EEg&portalId=P1,고정 걸이를 눌러 극 초미세 먼지 필터를 분리,bb3b0c78be6fab4151e4a6f7c3134817fad098946e49d231d984bfc511e1ff9e,145274,lg_official_support_public_page,official_public_support_candidate_not_explicit_training_license,filter,ready_for_roboflow_filter_bbox,accepted_filter_visible_candidate,LG official support image candidate; verify visual relevance before Roboflow labeling
10_원천이미지_raw/20_학습후보/filter_bbox_seed_100plus/filter_seed_058.jpg,58,lg_official_round1_visual_accepted,10_원천이미지_raw/01_직접제공_승인후보/lg_official_filter_training_seed_accepted/lg_filter_seed_058.jpg,https://www.lge.co.kr/support/solutions-20152649118201,https://gscs.lge.com/gscs/support/fileupload/downloadFile.do?fileId=OjpvLgYIqv66nJrjKHY1g&portalId=P1,분리된 극 초미세 먼지 필터 뒤쪽 광촉매 탈취필터는 위쪽으로 당겨 분리,3e40c33fc2b15ec863a032d27e80c8d3435a5859b83b21269c9ab92fd33fe4ad,104241,lg_official_support_public_page,official_public_support_candidate_not_explicit_training_license,filter,ready_for_roboflow_filter_bbox,accepted_filter_visible_candidate,LG official support image candidate; verify visual relevance before Roboflow labeling
10_원천이미지_raw/20_학습후보/filter_bbox_seed_100plus/filter_seed_059.jpg,59,lg_official_round1_visual_accepted,10_원천이미지_raw/01_직접제공_승인후보/lg_official_filter_training_seed_accepted/lg_filter_seed_059.jpg,https://www.lge.co.kr/support/solutions-20152649118201,https://gscs.lge.com/gscs/support/fileupload/downloadFile.do?fileId=1mSecCywWAJFKEIYhefAQ&portalId=P1,양쪽에 있는 고정 걸이를 누르고 전면 그릴을 여는 모습,46e243d4adaa5ee718c714303b6a7c3c480100c906097cece959608dcec403d1,97630,lg_official_support_public_page,official_public_support_candidate_not_explicit_training_license,filter,ready_for_roboflow_filter_bbox,accepted_filter_visible_candidate,LG official support image candidate; verify visual relevance before Roboflow labeling
10_원천이미지_raw/20_학습후보/filter_bbox_seed_100plus/filter_seed_060.jpg,60,lg_official_round1_visual_accepted,10_원천이미지_raw/01_직접제공_승인후보/lg_official_filter_training_seed_accepted/lg_filter_seed_060.jpg,https://www.lge.co.kr/support/solutions-20152649118201,https://gscs.lge.com/gscs/support/fileupload/downloadFile.do?fileId=YzKo6PKTOs3PFiJuJBEwqg&portalId=P1,고정 걸이를 눌러 극 초미세 먼지 필터를 분리,f7296821ce2a3160550f6879b0aaa4589279a8fb3a36175f20cc8d65a6d24bb4,127211,lg_official_support_public_page,official_public_support_candidate_not_explicit_training_license,filter,ready_for_roboflow_filter_bbox,accepted_filter_visible_candidate,LG official support image candidate; verify visual relevance before Roboflow labeling
10_원천이미지_raw/20_학습후보/filter_bbox_seed_100plus/filter_seed_061.jpg,61,lg_official_round1_visual_accepted,10_원천이미지_raw/01_직접제공_승인후보/lg_official_filter_training_seed_accepted/lg_filter_seed_061.jpg,https://www.lge.co.kr/support/video-tutorials-20151099419617,https://gscs.lge.com/gscs/support/fileupload/downloadFile.do?fileId=mzKo45mKv9k1uW1RJVnlQ&portalId=P1,세척된 극세필터를 바람이 잘 통하고 그늘진 곳에서 말리는 모습,5edeea647a46663d2a8c193dd326d2a65109e6c474157375e7e19b7170b3735e,49460,lg_official_support_public_page,official_public_support_candidate_not_explicit_training_license,filter,ready_for_roboflow_filter_bbox,accepted_filter_visible_candidate,LG official support image candidate; verify visual relevance before Roboflow labeling
10_원천이미지_raw/20_학습후보/filter_bbox_seed_100plus/filter_seed_062.jpg,62,lg_official_round1_visual_accepted,10_원천이미지_raw/01_직접제공_승인후보/lg_official_filter_training_seed_accepted/lg_filter_seed_062.jpg,https://www.lg.com/us/support/help-library/lg-airconditioner-filter-how-to-clean-and-replace-airconditioner-filter--20154844424480,https://gscs.lge.com/gscs/support/fileupload/downloadFile.do?fileId=7MusR0qVdL0hb7oCosE32g&portalId=P1,explaining how to take out the filter,215b14d6efe1173c9b245182cc3a3cb4403948c51af8f1ce0cccaa36662fad5b,42265,lg_official_support_public_page,official_public_support_candidate_not_explicit_training_license,filter,ready_for_roboflow_filter_bbox,accepted_filter_visible_candidate,LG official support image candidate; verify visual relevance before Roboflow labeling
10_원천이미지_raw/20_학습후보/filter_bbox_seed_100plus/filter_seed_063.jpg,63,lg_official_round1_visual_accepted,10_원천이미지_raw/01_직접제공_승인후보/lg_official_filter_training_seed_accepted/lg_filter_seed_063.jpg,https://www.lg.com/us/support/help-library/lg-airconditioner-filter-how-to-clean-and-replace-airconditioner-filter--20154844424480,https://gscs.lge.com/gscs/support/fileupload/downloadFile.do?fileId=U43ZqdACqsJSAaW8gnuuA&portalId=P1,explaining how to take out the filter,971056e7bc779be24eff14648dee1319e52368472a76435111dbb485c99fa735,43935,lg_official_support_public_page,official_public_support_candidate_not_explicit_training_license,filter,ready_for_roboflow_filter_bbox,accepted_filter_visible_candidate,LG official support image candidate; verify visual relevance before Roboflow labeling
10_원천이미지_raw/20_학습후보/filter_bbox_seed_100plus/filter_seed_064.jpg,64,lg_official_round1_visual_accepted,10_원천이미지_raw/01_직접제공_승인후보/lg_official_filter_training_seed_accepted/lg_filter_seed_064.jpg,https://www.lg.com/us/support/help-library/lg-ac-filter-windowpotable-how-do-i-clean-and-replace-the-filter--20155017810371,https://gscs.lge.com/gscs/support/fileupload/downloadFile.do?fileId=JGVSxLHqqIOJsfAMLtz6gw&portalId=P1,"Casement Window Air Conditioner 
1. Remove the ultra-fine filter cover 
2. Remove the ultra-fine filter 
3. Clean the ultra-fine filter 
4. Dry the ultra-fine filter",21f6e2730d8acd97356372f8372e513998e544fa68cbc7f8815d1d337e2acc99,129989,lg_official_support_public_page,official_public_support_candidate_not_explicit_training_license,filter,ready_for_roboflow_filter_bbox,accepted_filter_visible_candidate,LG official support image candidate; verify visual relevance before Roboflow labeling
10_원천이미지_raw/20_학습후보/filter_bbox_seed_100plus/filter_seed_065.jpg,65,lg_official_round1_visual_accepted,10_원천이미지_raw/01_직접제공_승인후보/lg_official_filter_training_seed_accepted/lg_filter_seed_065.jpg,https://www.lg.com/us/support/help-library/lg-ac-filter-windowpotable-how-do-i-clean-and-replace-the-filter--20155017810371,https://gscs.lge.com/gscs/support/fileupload/downloadFile.do?fileId=Awom0hqww2i2dUGRVQ2nXA&portalId=P1,"Window Air Conditioner 
1. Remove the ultra-fine filter cover. 
2. Remove the ultra-fine filter. 
3. Clean the ultra-fine filter. 
4. Dry the ultra-fine filter.",5251ae29fad0e75aa5cdd03e36c596f16ddd27aa4043c85579826cc391af19cb,122692,lg_official_support_public_page,official_public_support_candidate_not_explicit_training_license,filter,ready_for_roboflow_filter_bbox,accepted_filter_visible_candidate,LG official support image candidate; verify visual relevance before Roboflow labeling
10_원천이미지_raw/20_학습후보/filter_bbox_seed_100plus/filter_seed_066.jpg,66,lg_official_round1_visual_accepted,10_원천이미지_raw/01_직접제공_승인후보/lg_official_filter_training_seed_accepted/lg_filter_seed_066.jpg,https://www.lg.com/us/support/help-library/lg-ac-filter-windowpotable-how-do-i-clean-and-replace-the-filter--20155017810371,https://gscs.lge.com/gscs/support/fileupload/downloadFile.do?fileId=eSR1JjynmtPzNxmg7Mqjkw&portalId=P1,"Single Hose Portable Air Conditioner 
1. Remove the ultra-fine filter cover.
2. Remove the ultra-fine filter.
3. Clean the ultra-fine filter.
4. Dry the ultra-fine filter",c948ba7dbd86b2fcfb5577f2bb3599a1d20026dc8e1b66cdde7822ead76e4139,152690,lg_official_support_public_page,official_public_support_candidate_not_explicit_training_license,filter,ready_for_roboflow_filter_bbox,accepted_filter_visible_candidate,LG official support image candidate; verify visual relevance before Roboflow labeling
10_원천이미지_raw/20_학습후보/filter_bbox_seed_100plus/filter_seed_067.jpg,67,lg_official_round1_visual_accepted,10_원천이미지_raw/01_직접제공_승인후보/lg_official_filter_training_seed_accepted/lg_filter_seed_067.jpg,https://www.lg.com/us/support/help-library/lg-ac-filter-windowpotable-how-do-i-clean-and-replace-the-filter--20155017810371,https://gscs.lge.com/gscs/support/fileupload/downloadFile.do?fileId=rr41LkkVaVktqP7waUAjlQ&portalId=P1,"Dual Hose Portable Air Conditioner 
1. Remove the screws under the dual hose 
2. Remove the ultra-fine filter cover 
3. Remove the ultra-fine filter
4. Clean and dry the ultra-fine filter",dd890a53343be93aad7e5868bf2705c5ac526bba0ca7df950bfc563666baa933,153875,lg_official_support_public_page,official_public_support_candidate_not_explicit_training_license,filter,ready_for_roboflow_filter_bbox,accepted_filter_visible_candidate,LG official support image candidate; verify visual relevance before Roboflow labeling
10_원천이미지_raw/20_학습후보/filter_bbox_seed_100plus/filter_seed_068.jpg,68,lg_official_round1_visual_accepted,10_원천이미지_raw/01_직접제공_승인후보/lg_official_filter_training_seed_accepted/lg_filter_seed_068.jpg,https://www.lg.com/us/support/help-library/lg-air-conditioner-cleaning-im-curious-about-how-to-maintain-the-air-purification-filter--20154710743587,https://gscs.lge.com/gscs/support/fileupload/downloadFile.do?fileId=nRuYff58jG6tlUSP0R2g&portalId=P1,Check the engraving on both sides of the front panel,6df0513e1aa8a5a40ac602bc5a5d68ca4746d78bbad98e78eeac8139dd6dabff,107111,lg_official_support_public_page,official_public_support_candidate_not_explicit_training_license,filter,ready_for_roboflow_filter_bbox,accepted_filter_visible_candidate,LG official support image candidate; verify visual relevance before Roboflow labeling
10_원천이미지_raw/20_학습후보/filter_bbox_seed_100plus/filter_seed_069.jpg,69,lg_official_round1_visual_accepted,10_원천이미지_raw/01_직접제공_승인후보/lg_official_filter_training_seed_accepted/lg_filter_seed_069.jpg,https://www.lg.com/us/support/help-library/lg-air-conditioner-cleaning-im-curious-about-how-to-maintain-the-air-purification-filter--20154710743587,https://gscs.lge.com/gscs/support/fileupload/downloadFile.do?fileId=WEHEVPwdJqziY97cxi1g&portalId=P1,Remove the ultra-fine dust filter by holding the handle on the filter case holder and pulling it in the direction of the arrow.,6a65287779ba5eaa629cbeb6eb0fb12b3a9e4c614bd387bf6d8f0fb3af5b9986,152448,lg_official_support_public_page,official_public_support_candidate_not_explicit_training_license,filter,ready_for_roboflow_filter_bbox,accepted_filter_visible_candidate,LG official support image candidate; verify visual relevance before Roboflow labeling
10_원천이미지_raw/20_학습후보/filter_bbox_seed_100plus/filter_seed_070.jpg,70,lg_official_round1_visual_accepted,10_원천이미지_raw/01_직접제공_승인후보/lg_official_filter_training_seed_accepted/lg_filter_seed_070.jpg,https://www.lg.com/us/support/help-library/lg-air-conditioner-cleaning-im-curious-about-how-to-maintain-the-air-purification-filter--20154710743587,https://gscs.lge.com/gscs/support/fileupload/downloadFile.do?fileId=qYott5U0AsP31U5tDiemw&portalId=P1,Remove the photocatalyst deodorization filter by pulling the handle.,2ff3ed55b935c33f3c7ad4af6ca19fecc2a52893d22301906bac3af935d1f718,128274,lg_official_support_public_page,official_public_support_candidate_not_explicit_training_license,filter,ready_for_roboflow_filter_bbox,accepted_filter_visible_candidate,LG official support image candidate; verify visual relevance before Roboflow labeling
10_원천이미지_raw/20_학습후보/filter_bbox_seed_100plus/filter_seed_071.jpg,71,lg_official_round1_visual_accepted,10_원천이미지_raw/01_직접제공_승인후보/lg_official_filter_training_seed_accepted/lg_filter_seed_071.jpg,https://www.lg.com/us/support/help-library/lg-air-conditioner-cleaning-im-curious-about-how-to-maintain-the-air-purification-filter--20154710743587,https://gscs.lge.com/gscs/support/fileupload/downloadFile.do?fileId=CQTgsZXYwp5usVJOB6B4Eg&portalId=P1,Remove the photocatalyst deodorizing filter behind the separated ultrafine dust filter by pulling it upward.,f512c524dbd4819cbbe5c3dbd6576810890ea87e8efc517d7f1923755e92e0be,107683,lg_official_support_public_page,official_public_support_candidate_not_explicit_training_license,filter,ready_for_roboflow_filter_bbox,accepted_filter_visible_candidate,LG official support image candidate; verify visual relevance before Roboflow labeling
10_원천이미지_raw/20_학습후보/filter_bbox_seed_100plus/filter_seed_072.jpg,72,lg_official_round2_visual_accepted,10_원천이미지_raw/01_직접제공_승인후보/lg_official_filter_training_seed_combined/combined_filter_seed_073.jpg,https://www.lge.co.kr/support/video-tutorials-20150667074918,https://gscs.lge.com/gscs/support/fileupload/downloadFile.do?fileId=6SKvRBmRfmtrMqT4abpYug&portalId=P1,망사형태 필터를 왼쪽으로 당겨서 꺼낸 후 망사형태 필터와 종이 또는 숯 함유 형태 필터를 청소 후 다시 제자리로 조립하는 모습,13cce9964af46a3040874768ce6b73c663ad3d7a89f7da64ea3f994a49e2c5a2,118150,lg_official_support_public_page_round2,official_public_support_candidate_not_explicit_training_license,filter,pending_review_before_roboflow,accepted_filter_visible_candidate,LG official support image round2 candidate; verify visual relevance before Roboflow labeling
10_원천이미지_raw/20_학습후보/filter_bbox_seed_100plus/filter_seed_073.jpg,73,lg_official_round2_visual_accepted,10_원천이미지_raw/01_직접제공_승인후보/lg_official_filter_training_seed_combined/combined_filter_seed_074.jpg,https://www.lge.co.kr/support/video-tutorials-20150667074918,https://gscs.lge.com/gscs/support/fileupload/downloadFile.do?fileId=PE3h2WjG3NxwRSKrlUOCoQ&portalId=P1,"뷰/타워Ⅱ 에어컨의 후면 필터커버를  좌우방향으로 제거한 후, 망사 형태 필터는 물세척이 가능하고, 종이 형태 필터는 물 세척 금지라는 그림",65877c30daa74d2cb14514bf0f2ea3b092e6d15b0c982fd33a3373c0d2c7cc77,116734,lg_official_support_public_page_round2,official_public_support_candidate_not_explicit_training_license,filter,pending_review_before_roboflow,accepted_filter_visible_candidate,LG official support image round2 candidate; verify visual relevance before Roboflow labeling
10_원천이미지_raw/20_학습후보/filter_bbox_seed_100plus/filter_seed_074.jpg,74,lg_official_round2_visual_accepted,10_원천이미지_raw/01_직접제공_승인후보/lg_official_filter_training_seed_combined/combined_filter_seed_075.jpg,https://www.lge.co.kr/support/video-tutorials-20150667074918,https://gscs.lge.com/gscs/support/fileupload/downloadFile.do?fileId=48nG72yZuDAu1BWYv0c8g&portalId=P1,양쪽의 필터 손잡이를 당겨 필터를 분리하는 모습,119bee198bc03ff02bb9fddcd7b853c9b8743a347265c5c604d9ff3adbff5517,98154,lg_official_support_public_page_round2,official_public_support_candidate_not_explicit_training_license,filter,pending_review_before_roboflow,accepted_filter_visible_candidate,LG official support image round2 candidate; verify visual relevance before Roboflow labeling
10_원천이미지_raw/20_학습후보/filter_bbox_seed_100plus/filter_seed_075.jpg,75,lg_official_round2_visual_accepted,10_원천이미지_raw/01_직접제공_승인후보/lg_official_filter_training_seed_combined/combined_filter_seed_076.jpg,https://www.lge.co.kr/support/video-tutorials-20150667074918,https://gscs.lge.com/gscs/support/fileupload/downloadFile.do?fileId=Gy4sT887ImEvhb6tAx52g&portalId=P1,"상하, 양쪽의 필터 손잡이를 당겨 필터를 분리하는 모습 / 망사 형태 필터 : 물 세척 가능 / 종이 또는 숯 함유 형태 필터 : 물 세척 금지",d25abf96bc9fb9458965c307bbe136594dd7a6c5957fe8f2ee9e536c909cd4e6,99839,lg_official_support_public_page_round2,official_public_support_candidate_not_explicit_training_license,filter,pending_review_before_roboflow,accepted_filter_visible_candidate,LG official support image round2 candidate; verify visual relevance before Roboflow labeling
10_원천이미지_raw/20_학습후보/filter_bbox_seed_100plus/filter_seed_076.jpg,76,lg_official_round2_visual_accepted,10_원천이미지_raw/01_직접제공_승인후보/lg_official_filter_training_seed_combined/combined_filter_seed_077.jpg,https://www.lge.co.kr/support/video-tutorials-20150642775489,https://gscs.lge.com/gscs/support/fileupload/downloadFile.do?fileId=r7pfMXOtWYgQDJXY6EcXdQ&portalId=P1,필터의 먼지를 청소기를 사용하여 제거하는 모습,f0c0c2bc09f85a04431cd4c4d8bf6198bce7ffa3d495121fdb3e7a45eb1afa82,213142,lg_official_support_public_page_round2,official_public_support_candidate_not_explicit_training_license,filter,pending_review_before_roboflow,accepted_filter_visible_candidate,LG official support image round2 candidate; verify visual relevance before Roboflow labeling
10_원천이미지_raw/20_학습후보/filter_bbox_seed_100plus/filter_seed_077.jpg,77,lg_official_round2_visual_accepted,10_원천이미지_raw/01_직접제공_승인후보/lg_official_filter_training_seed_combined/combined_filter_seed_078.jpg,https://www.lge.co.kr/support/video-tutorials-20150642775489,https://gscs.lge.com/gscs/support/fileupload/downloadFile.do?fileId=zohE91q80S7UCL0unwfkjg&portalId=P1,흐르는 물에 필터의 먼지를 제거하는 모습,9116c1087d6876dbfc51499edda9d8dd7b38558549637b22dfc4765809b53869,39271,lg_official_support_public_page_round2,official_public_support_candidate_not_explicit_training_license,filter,pending_review_before_roboflow,accepted_filter_visible_candidate,LG official support image round2 candidate; verify visual relevance before Roboflow labeling
10_원천이미지_raw/20_학습후보/filter_bbox_seed_100plus/filter_seed_078.jpg,78,lg_official_round2_visual_accepted,10_원천이미지_raw/01_직접제공_승인후보/lg_official_filter_training_seed_combined/combined_filter_seed_080.jpg,https://www.lge.co.kr/support/video-tutorials-20151623029683,https://gscs.lge.com/gscs/support/fileupload/downloadFile.do?fileId=iccySP8GlX8Z4KZ9T1WxpQ&portalId=P1,필터 바로 아래쪽에 위치하는 필터 클린봇의 모습,019cd67673e086f8507bf221a3cc656b68aedd6b831056281fa2704b4c4dc6e1,100420,lg_official_support_public_page_round2,official_public_support_candidate_not_explicit_training_license,filter,pending_review_before_roboflow,accepted_filter_visible_candidate,LG official support image round2 candidate; verify visual relevance before Roboflow labeling
10_원천이미지_raw/20_학습후보/filter_bbox_seed_100plus/filter_seed_079.jpg,79,lg_official_round2_visual_accepted,10_원천이미지_raw/01_직접제공_승인후보/lg_official_filter_training_seed_combined/combined_filter_seed_084.jpg,https://www.lge.co.kr/support/video-tutorials-20151623029683,https://gscs.lge.com/gscs/support/fileupload/downloadFile.do?fileId=GiQ1FRe8evY1Q5X7yxUA&portalId=P1,1. 먼지통 분리 2. 먼지통 덮게 분리 3. 먼지통 필터 제거 4. 먼지통 청소 5. 먼지통 건조,224ec5b85b3715de1e43d89bf462757d996b5a2dae0cfe0f64aaf56a915d75aa,140560,lg_official_support_public_page_round2,official_public_support_candidate_not_explicit_training_license,filter,pending_review_before_roboflow,accepted_filter_visible_candidate,LG official support image round2 candidate; verify visual relevance before Roboflow labeling
10_원천이미지_raw/20_학습후보/filter_bbox_seed_100plus/filter_seed_080.png,80,round3_product_ifixit_partial_visual_accepted,10_원천이미지_raw/10_웹크롤링후보/lg_filter_round3_product_and_guides/round3_028_thul-Air-conditioner_LW1223HR_easy-access_features_900x600.png,,,,,,,unknown_or_source_specific_verify_before_training,filter,ready_for_roboflow_filter_bbox,accepted_filter_visible_candidate,Accepted from round3 partial contact sheet by visual review
10_원천이미지_raw/20_학습후보/filter_bbox_seed_100plus/filter_seed_081.png,81,round3_product_ifixit_partial_visual_accepted,10_원천이미지_raw/10_웹크롤링후보/lg_filter_round3_product_and_guides/round3_029_webimage-Air-conditioner_LW1223HR_easy-access_features_900x600.png,,,,,,,unknown_or_source_specific_verify_before_training,filter,ready_for_roboflow_filter_bbox,accepted_filter_visible_candidate,Accepted from round3 partial contact sheet by visual review
10_원천이미지_raw/20_학습후보/filter_bbox_seed_100plus/filter_seed_082.png,82,round3_product_ifixit_partial_visual_accepted,10_원천이미지_raw/10_웹크롤링후보/lg_filter_round3_product_and_guides/round3_063_thul-Air-conditioner_LW6023R_easy-access_features_900x601.png,,,,,,,unknown_or_source_specific_verify_before_training,filter,ready_for_roboflow_filter_bbox,accepted_filter_visible_candidate,Accepted from round3 partial contact sheet by visual review
10_원천이미지_raw/20_학습후보/filter_bbox_seed_100plus/filter_seed_083.png,83,round3_product_ifixit_partial_visual_accepted,10_원천이미지_raw/10_웹크롤링후보/lg_filter_round3_product_and_guides/round3_064_webimage-Air-conditioner_LW6023R_easy-access_features_900x601.png,,,,,,,unknown_or_source_specific_verify_before_training,filter,ready_for_roboflow_filter_bbox,accepted_filter_visible_candidate,Accepted from round3 partial contact sheet by visual review
10_원천이미지_raw/20_학습후보/filter_bbox_seed_100plus/filter_seed_084.png,84,round3_product_ifixit_partial_visual_accepted,10_원천이미지_raw/10_웹크롤링후보/lg_filter_round3_product_and_guides/round3_096_thul-Air-conditioner_LW1016ER_easy-access_features_901x601.png,,,,,,,unknown_or_source_specific_verify_before_training,filter,ready_for_roboflow_filter_bbox,accepted_filter_visible_candidate,Accepted from round3 partial contact sheet by visual review
10_원천이미지_raw/20_학습후보/filter_bbox_seed_100plus/filter_seed_085.png,85,round3_product_ifixit_partial_visual_accepted,10_원천이미지_raw/10_웹크롤링후보/lg_filter_round3_product_and_guides/round3_097_webimage-Air-conditioner_LW1016ER_easy-access_features_901x601.png,,,,,,,unknown_or_source_specific_verify_before_training,filter,ready_for_roboflow_filter_bbox,accepted_filter_visible_candidate,Accepted from round3 partial contact sheet by visual review
10_원천이미지_raw/20_학습후보/filter_bbox_seed_100plus/filter_seed_086.jpg,86,round3_product_ifixit_partial_visual_accepted,10_원천이미지_raw/10_웹크롤링후보/lg_filter_round3_product_and_guides/round3_111_qmqpQBcHJlAZ6A2J.jpg,,,,,,,unknown_or_source_specific_verify_before_training,filter,ready_for_roboflow_filter_bbox,accepted_filter_visible_candidate,Accepted from round3 partial contact sheet by visual review
10_원천이미지_raw/20_학습후보/filter_bbox_seed_100plus/filter_seed_087.jpg,87,round3_product_ifixit_partial_visual_accepted,10_원천이미지_raw/10_웹크롤링후보/lg_filter_round3_product_and_guides/round3_112_qmqpQBcHJlAZ6A2J.jpg,,,,,,,unknown_or_source_specific_verify_before_training,filter,ready_for_roboflow_filter_bbox,accepted_filter_visible_candidate,Accepted from round3 partial contact sheet by visual review
10_원천이미지_raw/20_학습후보/filter_bbox_seed_100plus/filter_seed_088.jpg,88,round3_product_ifixit_partial_visual_accepted,10_원천이미지_raw/10_웹크롤링후보/lg_filter_round3_product_and_guides/round3_113_w3aiCXKAtoAkqnmr.jpg,,,,,,,unknown_or_source_specific_verify_before_training,filter,ready_for_roboflow_filter_bbox,accepted_filter_visible_candidate,Accepted from round3 partial contact sheet by visual review
10_원천이미지_raw/20_학습후보/filter_bbox_seed_100plus/filter_seed_089.jpg,89,round3_product_ifixit_partial_visual_accepted,10_원천이미지_raw/10_웹크롤링후보/lg_filter_round3_product_and_guides/round3_114_w3aiCXKAtoAkqnmr.jpg,,,,,,,unknown_or_source_specific_verify_before_training,filter,ready_for_roboflow_filter_bbox,accepted_filter_visible_candidate,Accepted from round3 partial contact sheet by visual review
10_원천이미지_raw/20_학습후보/filter_bbox_seed_100plus/filter_seed_090.jpg,90,round3_product_ifixit_partial_visual_accepted,10_원천이미지_raw/10_웹크롤링후보/lg_filter_round3_product_and_guides/round3_115_qmqpQBcHJlAZ6A2J.jpg,,,,,,,unknown_or_source_specific_verify_before_training,filter,ready_for_roboflow_filter_bbox,accepted_filter_visible_candidate,Accepted from round3 partial contact sheet by visual review
10_원천이미지_raw/20_학습후보/filter_bbox_seed_100plus/filter_seed_091.jpg,91,round3_product_ifixit_partial_visual_accepted,10_원천이미지_raw/10_웹크롤링후보/lg_filter_round3_product_and_guides/round3_116_w3aiCXKAtoAkqnmr.jpg,,,,,,,unknown_or_source_specific_verify_before_training,filter,ready_for_roboflow_filter_bbox,accepted_filter_visible_candidate,Accepted from round3 partial contact sheet by visual review
10_원천이미지_raw/20_학습후보/filter_bbox_seed_100plus/filter_seed_092.jpg,92,round3_product_ifixit_partial_visual_accepted,10_원천이미지_raw/10_웹크롤링후보/lg_filter_round3_product_and_guides/round3_117_NT4dyrZHgJY4NjC2.jpg,,,,,,,unknown_or_source_specific_verify_before_training,filter,ready_for_roboflow_filter_bbox,accepted_filter_visible_candidate,Accepted from round3 partial contact sheet by visual review
10_원천이미지_raw/20_학습후보/filter_bbox_seed_100plus/filter_seed_093.jpg,93,ifixit_lg_goldstar_filter_pending_visual_review,10_원천이미지_raw/10_웹크롤링후보/ifixit_lg_goldstar_filter/ifixit_lg_filter_001_fNZ2nhLWRSpCVH1E.jpg,https://www.ifixit.com/Guide/How%2Bto%2BClean%2Ban%2BLG%2BGoldstar%2BBG5200ER%2BAir%2BConditioner%2BAir%2BFilter/150241,https://guide-images.cdn.ifixit.com/igi/fNZ2nhLWRSpCVH1E.medium,"How to Clean an LG Goldstar BG5200ER Air Conditioner Air Filter, How to Clean an LG Goldstar BG5200ER Air Conditioner Air Filter: step 1, image 1 of 2",592d8bdddba75a6123905cc5b534a0bbd8ddd2cf1eea9a887dc2d04e746ca41a,40861,ifixit_public_lg_air_conditioner_filter_guide,ifixit_public_guide_verify_license_before_training,filter,pending_review_before_roboflow,pending_final_visual_review,LG/Goldstar air conditioner filter repair-guide candidate; verify license and visual relevance before Roboflow
10_원천이미지_raw/20_학습후보/filter_bbox_seed_100plus/filter_seed_094.jpg,94,ifixit_lg_goldstar_filter_pending_visual_review,10_원천이미지_raw/10_웹크롤링후보/ifixit_lg_goldstar_filter/ifixit_lg_filter_002_fNZ2nhLWRSpCVH1E.jpg,https://www.ifixit.com/Guide/How%2Bto%2BClean%2Ban%2BLG%2BGoldstar%2BBG5200ER%2BAir%2BConditioner%2BAir%2BFilter/150241,https://guide-images.cdn.ifixit.com/igi/fNZ2nhLWRSpCVH1E.large,"How to Clean an LG Goldstar BG5200ER Air Conditioner Air Filter, How to Clean an LG Goldstar BG5200ER Air Conditioner Air Filter: step 1, image 1 of 2",d5da89832deb967b9fcd4de14f7161ca20285709da5c5fa32080fa8217f5d0c3,73899,ifixit_public_lg_air_conditioner_filter_guide,ifixit_public_guide_verify_license_before_training,filter,pending_review_before_roboflow,pending_final_visual_review,LG/Goldstar air conditioner filter repair-guide candidate; verify license and visual relevance before Roboflow
10_원천이미지_raw/20_학습후보/filter_bbox_seed_100plus/filter_seed_095.jpg,95,ifixit_lg_goldstar_filter_pending_visual_review,10_원천이미지_raw/10_웹크롤링후보/ifixit_lg_goldstar_filter/ifixit_lg_filter_003_lPhvWQmc3CECCtVN.jpg,https://www.ifixit.com/Guide/How%2Bto%2BClean%2Ban%2BLG%2BGoldstar%2BBG5200ER%2BAir%2BConditioner%2BAir%2BFilter/150241,https://guide-images.cdn.ifixit.com/igi/lPhvWQmc3CECCtVN.medium,"How to Clean an LG Goldstar BG5200ER Air Conditioner Air Filter, How to Clean an LG Goldstar BG5200ER Air Conditioner Air Filter: step 1, image 2 of 2",bb398e82c673faa337b078bcc49f95d1cacf8fa2616860a6ee485c757dda1fb0,33262,ifixit_public_lg_air_conditioner_filter_guide,ifixit_public_guide_verify_license_before_training,filter,pending_review_before_roboflow,pending_final_visual_review,LG/Goldstar air conditioner filter repair-guide candidate; verify license and visual relevance before Roboflow
10_원천이미지_raw/20_학습후보/filter_bbox_seed_100plus/filter_seed_096.jpg,96,ifixit_lg_goldstar_filter_pending_visual_review,10_원천이미지_raw/10_웹크롤링후보/ifixit_lg_goldstar_filter/ifixit_lg_filter_004_lPhvWQmc3CECCtVN.jpg,https://www.ifixit.com/Guide/How%2Bto%2BClean%2Ban%2BLG%2BGoldstar%2BBG5200ER%2BAir%2BConditioner%2BAir%2BFilter/150241,https://guide-images.cdn.ifixit.com/igi/lPhvWQmc3CECCtVN.large,"How to Clean an LG Goldstar BG5200ER Air Conditioner Air Filter, How to Clean an LG Goldstar BG5200ER Air Conditioner Air Filter: step 1, image 2 of 2",75b9585c7f96a2fdd9478ff20eac6d310df55c85e599c81ae877497f939b2e76,59061,ifixit_public_lg_air_conditioner_filter_guide,ifixit_public_guide_verify_license_before_training,filter,pending_review_before_roboflow,pending_final_visual_review,LG/Goldstar air conditioner filter repair-guide candidate; verify license and visual relevance before Roboflow
10_원천이미지_raw/20_학습후보/filter_bbox_seed_100plus/filter_seed_097.jpg,97,ifixit_lg_goldstar_filter_pending_visual_review,10_원천이미지_raw/10_웹크롤링후보/ifixit_lg_goldstar_filter/ifixit_lg_filter_005_fNZ2nhLWRSpCVH1E.jpg,https://www.ifixit.com/Guide/How%2Bto%2BClean%2Ban%2BLG%2BGoldstar%2BBG5200ER%2BAir%2BConditioner%2BAir%2BFilter/150241,https://guide-images.cdn.ifixit.com/igi/fNZ2nhLWRSpCVH1E.200x150,,d36efc20965e75657a19feae8a503761042ae49e53d067c018a362b99ea5d768,6196,ifixit_public_lg_air_conditioner_filter_guide,ifixit_public_guide_verify_license_before_training,filter,pending_review_before_roboflow,pending_final_visual_review,LG/Goldstar air conditioner filter repair-guide candidate; verify license and visual relevance before Roboflow
10_원천이미지_raw/20_학습후보/filter_bbox_seed_100plus/filter_seed_098.jpg,98,ifixit_lg_goldstar_filter_pending_visual_review,10_원천이미지_raw/10_웹크롤링후보/ifixit_lg_goldstar_filter/ifixit_lg_filter_006_lPhvWQmc3CECCtVN.jpg,https://www.ifixit.com/Guide/How%2Bto%2BClean%2Ban%2BLG%2BGoldstar%2BBG5200ER%2BAir%2BConditioner%2BAir%2BFilter/150241,https://guide-images.cdn.ifixit.com/igi/lPhvWQmc3CECCtVN.200x150,,12542101627cc36963581cece9c22d96387c7afd229bdeddf12892d42a4394c5,5724,ifixit_public_lg_air_conditioner_filter_guide,ifixit_public_guide_verify_license_before_training,filter,pending_review_before_roboflow,pending_final_visual_review,LG/Goldstar air conditioner filter repair-guide candidate; verify license and visual relevance before Roboflow
10_원천이미지_raw/20_학습후보/filter_bbox_seed_100plus/filter_seed_099.jpg,99,ifixit_lg_goldstar_filter_pending_visual_review,10_원천이미지_raw/10_웹크롤링후보/ifixit_lg_goldstar_filter/ifixit_lg_filter_007_FjdCFU6oEXptCgHI.jpg,https://www.ifixit.com/Guide/How%2Bto%2BClean%2Ban%2BLG%2BGoldstar%2BBG5200ER%2BAir%2BConditioner%2BAir%2BFilter/150241,https://guide-images.cdn.ifixit.com/igi/FjdCFU6oEXptCgHI.medium,"How to Clean an LG Goldstar BG5200ER Air Conditioner Air Filter: step 2, image 1 of 2",d0b76e95c9e52151e7dcaf0505b4b026e0b120db3d77da6410c6665823ecd290,36462,ifixit_public_lg_air_conditioner_filter_guide,ifixit_public_guide_verify_license_before_training,filter,pending_review_before_roboflow,pending_final_visual_review,LG/Goldstar air conditioner filter repair-guide candidate; verify license and visual relevance before Roboflow
10_원천이미지_raw/20_학습후보/filter_bbox_seed_100plus/filter_seed_100.jpg,100,ifixit_lg_goldstar_filter_pending_visual_review,10_원천이미지_raw/10_웹크롤링후보/ifixit_lg_goldstar_filter/ifixit_lg_filter_008_FjdCFU6oEXptCgHI.jpg,https://www.ifixit.com/Guide/How%2Bto%2BClean%2Ban%2BLG%2BGoldstar%2BBG5200ER%2BAir%2BConditioner%2BAir%2BFilter/150241,https://guide-images.cdn.ifixit.com/igi/FjdCFU6oEXptCgHI.large,"How to Clean an LG Goldstar BG5200ER Air Conditioner Air Filter: step 2, image 1 of 2",c15d5b9629f6d8a82dee6c948c15483c9e4967d08995221b2295a2e486a43e8b,61404,ifixit_public_lg_air_conditioner_filter_guide,ifixit_public_guide_verify_license_before_training,filter,pending_review_before_roboflow,pending_final_visual_review,LG/Goldstar air conditioner filter repair-guide candidate; verify license and visual relevance before Roboflow
10_원천이미지_raw/20_학습후보/filter_bbox_seed_100plus/filter_seed_101.jpg,101,ifixit_lg_goldstar_filter_pending_visual_review,10_원천이미지_raw/10_웹크롤링후보/ifixit_lg_goldstar_filter/ifixit_lg_filter_009_XjlPA6PSK5PcAG6R.jpg,https://www.ifixit.com/Guide/How%2Bto%2BClean%2Ban%2BLG%2BGoldstar%2BBG5200ER%2BAir%2BConditioner%2BAir%2BFilter/150241,https://guide-images.cdn.ifixit.com/igi/XjlPA6PSK5PcAG6R.medium,"How to Clean an LG Goldstar BG5200ER Air Conditioner Air Filter: step 2, image 2 of 2",b7bf4a04e67761024d01f81960fed334901272ec1f68c074087253ce2b311130,28384,ifixit_public_lg_air_conditioner_filter_guide,ifixit_public_guide_verify_license_before_training,filter,pending_review_before_roboflow,pending_final_visual_review,LG/Goldstar air conditioner filter repair-guide candidate; verify license and visual relevance before Roboflow
10_원천이미지_raw/20_학습후보/filter_bbox_seed_100plus/filter_seed_102.jpg,102,ifixit_lg_goldstar_filter_pending_visual_review,10_원천이미지_raw/10_웹크롤링후보/ifixit_lg_goldstar_filter/ifixit_lg_filter_010_XjlPA6PSK5PcAG6R.jpg,https://www.ifixit.com/Guide/How%2Bto%2BClean%2Ban%2BLG%2BGoldstar%2BBG5200ER%2BAir%2BConditioner%2BAir%2BFilter/150241,https://guide-images.cdn.ifixit.com/igi/XjlPA6PSK5PcAG6R.large,"How to Clean an LG Goldstar BG5200ER Air Conditioner Air Filter: step 2, image 2 of 2",e261ae39ffa087fcf90e6bc6272fa5f53425232a0fe7a9d45db299a8e2fddd40,48492,ifixit_public_lg_air_conditioner_filter_guide,ifixit_public_guide_verify_license_before_training,filter,pending_review_before_roboflow,pending_final_visual_review,LG/Goldstar air conditioner filter repair-guide candidate; verify license and visual relevance before Roboflow
10_원천이미지_raw/20_학습후보/filter_bbox_seed_100plus/filter_seed_103.jpg,103,ifixit_lg_goldstar_filter_pending_visual_review,10_원천이미지_raw/10_웹크롤링후보/ifixit_lg_goldstar_filter/ifixit_lg_filter_011_FjdCFU6oEXptCgHI.jpg,https://www.ifixit.com/Guide/How%2Bto%2BClean%2Ban%2BLG%2BGoldstar%2BBG5200ER%2BAir%2BConditioner%2BAir%2BFilter/150241,https://guide-images.cdn.ifixit.com/igi/FjdCFU6oEXptCgHI.200x150,,a17f090f0b6fd2a9faee81362c492ae70b8ec53c397e82949be0f0a48c98d295,6032,ifixit_public_lg_air_conditioner_filter_guide,ifixit_public_guide_verify_license_before_training,filter,pending_review_before_roboflow,pending_final_visual_review,LG/Goldstar air conditioner filter repair-guide candidate; verify license and visual relevance before Roboflow
10_원천이미지_raw/20_학습후보/filter_bbox_seed_100plus/filter_seed_104.jpg,104,ifixit_lg_goldstar_filter_pending_visual_review,10_원천이미지_raw/10_웹크롤링후보/ifixit_lg_goldstar_filter/ifixit_lg_filter_012_XjlPA6PSK5PcAG6R.jpg,https://www.ifixit.com/Guide/How%2Bto%2BClean%2Ban%2BLG%2BGoldstar%2BBG5200ER%2BAir%2BConditioner%2BAir%2BFilter/150241,https://guide-images.cdn.ifixit.com/igi/XjlPA6PSK5PcAG6R.200x150,,14708a923bcce296d0435d0f82cdc2080f3786979a52cf98efb11075aa1dbcc7,4872,ifixit_public_lg_air_conditioner_filter_guide,ifixit_public_guide_verify_license_before_training,filter,pending_review_before_roboflow,pending_final_visual_review,LG/Goldstar air conditioner filter repair-guide candidate; verify license and visual relevance before Roboflow
10_원천이미지_raw/20_학습후보/filter_bbox_seed_100plus/filter_seed_105.jpg,105,ifixit_lg_goldstar_filter_pending_visual_review,10_원천이미지_raw/10_웹크롤링후보/ifixit_lg_goldstar_filter/ifixit_lg_filter_013_kuVtoycEcdXTXKU6.jpg,https://www.ifixit.com/Guide/How%2Bto%2BClean%2Ban%2BLG%2BGoldstar%2BBG5200ER%2BAir%2BConditioner%2BAir%2BFilter/150241,https://guide-images.cdn.ifixit.com/igi/kuVtoycEcdXTXKU6.medium,"How to Clean an LG Goldstar BG5200ER Air Conditioner Air Filter: step 3, image 1 of 3",d14ac682adc12c581beaf3b661e1a6848890518d7fb81e0a568d4191335ff32e,41870,ifixit_public_lg_air_conditioner_filter_guide,ifixit_public_guide_verify_license_before_training,filter,pending_review_before_roboflow,pending_final_visual_review,LG/Goldstar air conditioner filter repair-guide candidate; verify license and visual relevance before Roboflow
10_원천이미지_raw/20_학습후보/filter_bbox_seed_100plus/filter_seed_106.jpg,106,ifixit_lg_goldstar_filter_pending_visual_review,10_원천이미지_raw/10_웹크롤링후보/ifixit_lg_goldstar_filter/ifixit_lg_filter_014_kuVtoycEcdXTXKU6.jpg,https://www.ifixit.com/Guide/How%2Bto%2BClean%2Ban%2BLG%2BGoldstar%2BBG5200ER%2BAir%2BConditioner%2BAir%2BFilter/150241,https://guide-images.cdn.ifixit.com/igi/kuVtoycEcdXTXKU6.large,"How to Clean an LG Goldstar BG5200ER Air Conditioner Air Filter: step 3, image 1 of 3",5be549b5c64b69a253a75095701f4431ef3c8b9283c7a283d536f4b5eba42c36,76231,ifixit_public_lg_air_conditioner_filter_guide,ifixit_public_guide_verify_license_before_training,filter,pending_review_before_roboflow,pending_final_visual_review,LG/Goldstar air conditioner filter repair-guide candidate; verify license and visual relevance before Roboflow
10_원천이미지_raw/20_학습후보/filter_bbox_seed_100plus/filter_seed_107.jpg,107,ifixit_lg_goldstar_filter_pending_visual_review,10_원천이미지_raw/10_웹크롤링후보/ifixit_lg_goldstar_filter/ifixit_lg_filter_015_HhOCVF43NpjvTPbX.jpg,https://www.ifixit.com/Guide/How%2Bto%2BClean%2Ban%2BLG%2BGoldstar%2BBG5200ER%2BAir%2BConditioner%2BAir%2BFilter/150241,https://guide-images.cdn.ifixit.com/igi/HhOCVF43NpjvTPbX.medium,"How to Clean an LG Goldstar BG5200ER Air Conditioner Air Filter: step 3, image 2 of 3",236d630dd5389436341ca74cfe95535fa58abcb1ae6ba6591d92c4188e2a1782,34220,ifixit_public_lg_air_conditioner_filter_guide,ifixit_public_guide_verify_license_before_training,filter,pending_review_before_roboflow,pending_final_visual_review,LG/Goldstar air conditioner filter repair-guide candidate; verify license and visual relevance before Roboflow
10_원천이미지_raw/20_학습후보/filter_bbox_seed_100plus/filter_seed_108.jpg,108,ifixit_lg_goldstar_filter_pending_visual_review,10_원천이미지_raw/10_웹크롤링후보/ifixit_lg_goldstar_filter/ifixit_lg_filter_016_HhOCVF43NpjvTPbX.jpg,https://www.ifixit.com/Guide/How%2Bto%2BClean%2Ban%2BLG%2BGoldstar%2BBG5200ER%2BAir%2BConditioner%2BAir%2BFilter/150241,https://guide-images.cdn.ifixit.com/igi/HhOCVF43NpjvTPbX.large,"How to Clean an LG Goldstar BG5200ER Air Conditioner Air Filter: step 3, image 2 of 3",d502f5d63c627bae3b667d8e33cfbd6aa4c8b616b4af76ff6963ab2e12a5440d,59026,ifixit_public_lg_air_conditioner_filter_guide,ifixit_public_guide_verify_license_before_training,filter,pending_review_before_roboflow,pending_final_visual_review,LG/Goldstar air conditioner filter repair-guide candidate; verify license and visual relevance before Roboflow
10_원천이미지_raw/20_학습후보/filter_bbox_seed_100plus/filter_seed_109.jpg,109,ifixit_lg_goldstar_filter_pending_visual_review,10_원천이미지_raw/10_웹크롤링후보/ifixit_lg_goldstar_filter/ifixit_lg_filter_017_W2ZwHNfYCkApwhX1.jpg,https://www.ifixit.com/Guide/How%2Bto%2BClean%2Ban%2BLG%2BGoldstar%2BBG5200ER%2BAir%2BConditioner%2BAir%2BFilter/150241,https://guide-images.cdn.ifixit.com/igi/W2ZwHNfYCkApwhX1.medium,"How to Clean an LG Goldstar BG5200ER Air Conditioner Air Filter: step 3, image 3 of 3",dd53ff5279da1b859ae00fde20749d900fad4d47f8d26b65f242f1ca12fad4ff,49253,ifixit_public_lg_air_conditioner_filter_guide,ifixit_public_guide_verify_license_before_training,filter,pending_review_before_roboflow,pending_final_visual_review,LG/Goldstar air conditioner filter repair-guide candidate; verify license and visual relevance before Roboflow
10_원천이미지_raw/20_학습후보/filter_bbox_seed_100plus/filter_seed_110.jpg,110,ifixit_lg_goldstar_filter_pending_visual_review,10_원천이미지_raw/10_웹크롤링후보/ifixit_lg_goldstar_filter/ifixit_lg_filter_018_W2ZwHNfYCkApwhX1.jpg,https://www.ifixit.com/Guide/How%2Bto%2BClean%2Ban%2BLG%2BGoldstar%2BBG5200ER%2BAir%2BConditioner%2BAir%2BFilter/150241,https://guide-images.cdn.ifixit.com/igi/W2ZwHNfYCkApwhX1.large,"How to Clean an LG Goldstar BG5200ER Air Conditioner Air Filter: step 3, image 3 of 3",df98234a7c62218a9a22e8a248764a5d5ec0aa6a8a4e5160716c7c4e8f89e52f,95327,ifixit_public_lg_air_conditioner_filter_guide,ifixit_public_guide_verify_license_before_training,filter,pending_review_before_roboflow,pending_final_visual_review,LG/Goldstar air conditioner filter repair-guide candidate; verify license and visual relevance before Roboflow
10_원천이미지_raw/20_학습후보/filter_bbox_seed_100plus/filter_seed_111.jpg,111,ifixit_lg_goldstar_filter_pending_visual_review,10_원천이미지_raw/10_웹크롤링후보/ifixit_lg_goldstar_filter/ifixit_lg_filter_019_kuVtoycEcdXTXKU6.jpg,https://www.ifixit.com/Guide/How%2Bto%2BClean%2Ban%2BLG%2BGoldstar%2BBG5200ER%2BAir%2BConditioner%2BAir%2BFilter/150241,https://guide-images.cdn.ifixit.com/igi/kuVtoycEcdXTXKU6.200x150,,ed86651be01a33e36cad3d31bffe061c1b3a322852bff45285bb030fa86f12a9,6330,ifixit_public_lg_air_conditioner_filter_guide,ifixit_public_guide_verify_license_before_training,filter,pending_review_before_roboflow,pending_final_visual_review,LG/Goldstar air conditioner filter repair-guide candidate; verify license and visual relevance before Roboflow
10_원천이미지_raw/20_학습후보/filter_bbox_seed_100plus/filter_seed_112.jpg,112,ifixit_lg_goldstar_filter_pending_visual_review,10_원천이미지_raw/10_웹크롤링후보/ifixit_lg_goldstar_filter/ifixit_lg_filter_020_HhOCVF43NpjvTPbX.jpg,https://www.ifixit.com/Guide/How%2Bto%2BClean%2Ban%2BLG%2BGoldstar%2BBG5200ER%2BAir%2BConditioner%2BAir%2BFilter/150241,https://guide-images.cdn.ifixit.com/igi/HhOCVF43NpjvTPbX.200x150,,e42fa2f8354d07c05e656371da165e537cde9598118c58ca6c609e6a79a9bc88,5563,ifixit_public_lg_air_conditioner_filter_guide,ifixit_public_guide_verify_license_before_training,filter,pending_review_before_roboflow,pending_final_visual_review,LG/Goldstar air conditioner filter repair-guide candidate; verify license and visual relevance before Roboflow
10_원천이미지_raw/20_학습후보/filter_bbox_seed_100plus/filter_seed_113.jpg,113,ifixit_lg_goldstar_filter_pending_visual_review,10_원천이미지_raw/10_웹크롤링후보/ifixit_lg_goldstar_filter/ifixit_lg_filter_021_W2ZwHNfYCkApwhX1.jpg,https://www.ifixit.com/Guide/How%2Bto%2BClean%2Ban%2BLG%2BGoldstar%2BBG5200ER%2BAir%2BConditioner%2BAir%2BFilter/150241,https://guide-images.cdn.ifixit.com/igi/W2ZwHNfYCkApwhX1.200x150,,074df53f3495a23799489a0518fb56ccf94a0ce17bed4de8f51802cbda60b682,6399,ifixit_public_lg_air_conditioner_filter_guide,ifixit_public_guide_verify_license_before_training,filter,pending_review_before_roboflow,pending_final_visual_review,LG/Goldstar air conditioner filter repair-guide candidate; verify license and visual relevance before Roboflow
10_원천이미지_raw/20_학습후보/filter_bbox_seed_100plus/filter_seed_114.jpg,114,ifixit_lg_goldstar_filter_pending_visual_review,10_원천이미지_raw/10_웹크롤링후보/ifixit_lg_goldstar_filter/ifixit_lg_filter_022_4dB1ERPOyxmBoDZf.jpg,https://www.ifixit.com/Guide/How%2Bto%2BClean%2Ban%2BLG%2BGoldstar%2BBG5200ER%2BAir%2BConditioner%2BAir%2BFilter/150241,https://guide-images.cdn.ifixit.com/igi/4dB1ERPOyxmBoDZf.medium,"How to Clean an LG Goldstar BG5200ER Air Conditioner Air Filter: step 4, image 1 of 2",ffc33e32e2e4c7e4b5dbdea61060eeddada931d56fd1981466710cff4dea030d,39545,ifixit_public_lg_air_conditioner_filter_guide,ifixit_public_guide_verify_license_before_training,filter,pending_review_before_roboflow,pending_final_visual_review,LG/Goldstar air conditioner filter repair-guide candidate; verify license and visual relevance before Roboflow
10_원천이미지_raw/20_학습후보/filter_bbox_seed_100plus/filter_seed_115.jpg,115,ifixit_lg_goldstar_filter_pending_visual_review,10_원천이미지_raw/10_웹크롤링후보/ifixit_lg_goldstar_filter/ifixit_lg_filter_023_4dB1ERPOyxmBoDZf.jpg,https://www.ifixit.com/Guide/How%2Bto%2BClean%2Ban%2BLG%2BGoldstar%2BBG5200ER%2BAir%2BConditioner%2BAir%2BFilter/150241,https://guide-images.cdn.ifixit.com/igi/4dB1ERPOyxmBoDZf.large,"How to Clean an LG Goldstar BG5200ER Air Conditioner Air Filter: step 4, image 1 of 2",c8f6e470c773d2b516b8cf14f0120ec41ac9141597db8bb0b7e10166190fea7a,65981,ifixit_public_lg_air_conditioner_filter_guide,ifixit_public_guide_verify_license_before_training,filter,pending_review_before_roboflow,pending_final_visual_review,LG/Goldstar air conditioner filter repair-guide candidate; verify license and visual relevance before Roboflow
10_원천이미지_raw/20_학습후보/filter_bbox_seed_100plus/filter_seed_116.jpg,116,ifixit_lg_goldstar_filter_pending_visual_review,10_원천이미지_raw/10_웹크롤링후보/ifixit_lg_goldstar_filter/ifixit_lg_filter_024_XaqoAEGhsQWlnI2u.jpg,https://www.ifixit.com/Guide/How%2Bto%2BClean%2Ban%2BLG%2BGoldstar%2BBG5200ER%2BAir%2BConditioner%2BAir%2BFilter/150241,https://guide-images.cdn.ifixit.com/igi/XaqoAEGhsQWlnI2u.medium,"How to Clean an LG Goldstar BG5200ER Air Conditioner Air Filter: step 4, image 2 of 2",8beb045796e2e3a5cf82fbf880c7406320039e73242a47b362df923e701cee8a,80772,ifixit_public_lg_air_conditioner_filter_guide,ifixit_public_guide_verify_license_before_training,filter,pending_review_before_roboflow,pending_final_visual_review,LG/Goldstar air conditioner filter repair-guide candidate; verify license and visual relevance before Roboflow
10_원천이미지_raw/20_학습후보/filter_bbox_seed_100plus/filter_seed_117.jpg,117,ifixit_lg_goldstar_filter_pending_visual_review,10_원천이미지_raw/10_웹크롤링후보/ifixit_lg_goldstar_filter/ifixit_lg_filter_025_XaqoAEGhsQWlnI2u.jpg,https://www.ifixit.com/Guide/How%2Bto%2BClean%2Ban%2BLG%2BGoldstar%2BBG5200ER%2BAir%2BConditioner%2BAir%2BFilter/150241,https://guide-images.cdn.ifixit.com/igi/XaqoAEGhsQWlnI2u.large,"How to Clean an LG Goldstar BG5200ER Air Conditioner Air Filter: step 4, image 2 of 2",0306389e9b00830447eda7d698efdaef131f20e684eaf97ad22a677d075a2590,155330,ifixit_public_lg_air_conditioner_filter_guide,ifixit_public_guide_verify_license_before_training,filter,pending_review_before_roboflow,pending_final_visual_review,LG/Goldstar air conditioner filter repair-guide candidate; verify license and visual relevance before Roboflow
10_원천이미지_raw/20_학습후보/filter_bbox_seed_100plus/filter_seed_118.jpg,118,ifixit_lg_goldstar_filter_pending_visual_review,10_원천이미지_raw/10_웹크롤링후보/ifixit_lg_goldstar_filter/ifixit_lg_filter_026_4dB1ERPOyxmBoDZf.jpg,https://www.ifixit.com/Guide/How%2Bto%2BClean%2Ban%2BLG%2BGoldstar%2BBG5200ER%2BAir%2BConditioner%2BAir%2BFilter/150241,https://guide-images.cdn.ifixit.com/igi/4dB1ERPOyxmBoDZf.200x150,,90611ae6f335963b2607d7203c35fc63b5e3d29527ab213a700952f044c6193d,7556,ifixit_public_lg_air_conditioner_filter_guide,ifixit_public_guide_verify_license_before_training,filter,pending_review_before_roboflow,pending_final_visual_review,LG/Goldstar air conditioner filter repair-guide candidate; verify license and visual relevance before Roboflow
10_원천이미지_raw/20_학습후보/filter_bbox_seed_100plus/filter_seed_119.jpg,119,ifixit_lg_goldstar_filter_pending_visual_review,10_원천이미지_raw/10_웹크롤링후보/ifixit_lg_goldstar_filter/ifixit_lg_filter_027_XaqoAEGhsQWlnI2u.jpg,https://www.ifixit.com/Guide/How%2Bto%2BClean%2Ban%2BLG%2BGoldstar%2BBG5200ER%2BAir%2BConditioner%2BAir%2BFilter/150241,https://guide-images.cdn.ifixit.com/igi/XaqoAEGhsQWlnI2u.200x150,,12da65b8f4ebc7b9b3009c6fd395507f336f380db0520c5ee2f1c8a0f8d9d3bb,7846,ifixit_public_lg_air_conditioner_filter_guide,ifixit_public_guide_verify_license_before_training,filter,pending_review_before_roboflow,pending_final_visual_review,LG/Goldstar air conditioner filter repair-guide candidate; verify license and visual relevance before Roboflow
10_원천이미지_raw/20_학습후보/filter_bbox_seed_100plus/filter_seed_120.jpg,120,ifixit_lg_goldstar_filter_pending_visual_review,10_원천이미지_raw/10_웹크롤링후보/ifixit_lg_goldstar_filter/ifixit_lg_filter_028_saR3QCGWZfYWc4x2.jpg,https://www.ifixit.com/Guide/How%2Bto%2BClean%2Ban%2BLG%2BGoldstar%2BBG5200ER%2BAir%2BConditioner%2BAir%2BFilter/150241,https://guide-images.cdn.ifixit.com/igi/saR3QCGWZfYWc4x2.medium,"How to Clean an LG Goldstar BG5200ER Air Conditioner Air Filter: step 5, image 1 of 3",567279a783cfe852dbcfeaeefbb6e0c86337034d67c42356c6c976a67c2e0260,56374,ifixit_public_lg_air_conditioner_filter_guide,ifixit_public_guide_verify_license_before_training,filter,pending_review_before_roboflow,pending_final_visual_review,LG/Goldstar air conditioner filter repair-guide candidate; verify license and visual relevance before Roboflow
10_원천이미지_raw/20_학습후보/filter_bbox_seed_100plus/filter_seed_121.jpg,121,ifixit_lg_goldstar_filter_pending_visual_review,10_원천이미지_raw/10_웹크롤링후보/ifixit_lg_goldstar_filter/ifixit_lg_filter_029_saR3QCGWZfYWc4x2.jpg,https://www.ifixit.com/Guide/How%2Bto%2BClean%2Ban%2BLG%2BGoldstar%2BBG5200ER%2BAir%2BConditioner%2BAir%2BFilter/150241,https://guide-images.cdn.ifixit.com/igi/saR3QCGWZfYWc4x2.large,"How to Clean an LG Goldstar BG5200ER Air Conditioner Air Filter: step 5, image 1 of 3",cfb111dcaaadd5841b1698b7c917d12593ab7b4137f42258d649a41442fc0b01,102401,ifixit_public_lg_air_conditioner_filter_guide,ifixit_public_guide_verify_license_before_training,filter,pending_review_before_roboflow,pending_final_visual_review,LG/Goldstar air conditioner filter repair-guide candidate; verify license and visual relevance before Roboflow
10_원천이미지_raw/20_학습후보/filter_bbox_seed_100plus/filter_seed_122.jpg,122,ifixit_lg_goldstar_filter_pending_visual_review,10_원천이미지_raw/10_웹크롤링후보/ifixit_lg_goldstar_filter/ifixit_lg_filter_030_YSAuYZRLwLYwRkii.jpg,https://www.ifixit.com/Guide/How%2Bto%2BClean%2Ban%2BLG%2BGoldstar%2BBG5200ER%2BAir%2BConditioner%2BAir%2BFilter/150241,https://guide-images.cdn.ifixit.com/igi/YSAuYZRLwLYwRkii.medium,"How to Clean an LG Goldstar BG5200ER Air Conditioner Air Filter: step 5, image 2 of 3",79773955bcd18d0608c7c36a2baa14ee8b18392bfef3c102b14284ef6b09eab3,47243,ifixit_public_lg_air_conditioner_filter_guide,ifixit_public_guide_verify_license_before_training,filter,pending_review_before_roboflow,pending_final_visual_review,LG/Goldstar air conditioner filter repair-guide candidate; verify license and visual relevance before Roboflow
10_원천이미지_raw/20_학습후보/filter_bbox_seed_100plus/filter_seed_123.jpg,123,ifixit_lg_goldstar_filter_pending_visual_review,10_원천이미지_raw/10_웹크롤링후보/ifixit_lg_goldstar_filter/ifixit_lg_filter_031_YSAuYZRLwLYwRkii.jpg,https://www.ifixit.com/Guide/How%2Bto%2BClean%2Ban%2BLG%2BGoldstar%2BBG5200ER%2BAir%2BConditioner%2BAir%2BFilter/150241,https://guide-images.cdn.ifixit.com/igi/YSAuYZRLwLYwRkii.large,"How to Clean an LG Goldstar BG5200ER Air Conditioner Air Filter: step 5, image 2 of 3",87949a4c20251ea8090d36de900ca379de3727be2010ec91db5946eb044a5061,83005,ifixit_public_lg_air_conditioner_filter_guide,ifixit_public_guide_verify_license_before_training,filter,pending_review_before_roboflow,pending_final_visual_review,LG/Goldstar air conditioner filter repair-guide candidate; verify license and visual relevance before Roboflow
10_원천이미지_raw/20_학습후보/filter_bbox_seed_100plus/filter_seed_124.jpg,124,ifixit_lg_goldstar_filter_pending_visual_review,10_원천이미지_raw/10_웹크롤링후보/ifixit_lg_goldstar_filter/ifixit_lg_filter_032_OgAFsjrWacqymtUs.jpg,https://www.ifixit.com/Guide/How%2Bto%2BClean%2Ban%2BLG%2BGoldstar%2BBG5200ER%2BAir%2BConditioner%2BAir%2BFilter/150241,https://guide-images.cdn.ifixit.com/igi/OgAFsjrWacqymtUs.medium,"How to Clean an LG Goldstar BG5200ER Air Conditioner Air Filter: step 5, image 3 of 3",9bee234f448e8ea1102c002aa4497ff757fa118420a92a53debb93cf1b219a09,44337,ifixit_public_lg_air_conditioner_filter_guide,ifixit_public_guide_verify_license_before_training,filter,pending_review_before_roboflow,pending_final_visual_review,LG/Goldstar air conditioner filter repair-guide candidate; verify license and visual relevance before Roboflow
10_원천이미지_raw/20_학습후보/filter_bbox_seed_100plus/filter_seed_125.jpg,125,ifixit_lg_goldstar_filter_pending_visual_review,10_원천이미지_raw/10_웹크롤링후보/ifixit_lg_goldstar_filter/ifixit_lg_filter_033_OgAFsjrWacqymtUs.jpg,https://www.ifixit.com/Guide/How%2Bto%2BClean%2Ban%2BLG%2BGoldstar%2BBG5200ER%2BAir%2BConditioner%2BAir%2BFilter/150241,https://guide-images.cdn.ifixit.com/igi/OgAFsjrWacqymtUs.large,"How to Clean an LG Goldstar BG5200ER Air Conditioner Air Filter: step 5, image 3 of 3",1acee7faae215133df7e2a40fc6cb680b24c185154a0a1909baa165cc4550bc1,78814,ifixit_public_lg_air_conditioner_filter_guide,ifixit_public_guide_verify_license_before_training,filter,pending_review_before_roboflow,pending_final_visual_review,LG/Goldstar air conditioner filter repair-guide candidate; verify license and visual relevance before Roboflow
10_원천이미지_raw/20_학습후보/filter_bbox_seed_100plus/filter_seed_126.jpg,126,ifixit_lg_goldstar_filter_pending_visual_review,10_원천이미지_raw/10_웹크롤링후보/ifixit_lg_goldstar_filter/ifixit_lg_filter_034_saR3QCGWZfYWc4x2.jpg,https://www.ifixit.com/Guide/How%2Bto%2BClean%2Ban%2BLG%2BGoldstar%2BBG5200ER%2BAir%2BConditioner%2BAir%2BFilter/150241,https://guide-images.cdn.ifixit.com/igi/saR3QCGWZfYWc4x2.200x150,,b5ec0331d1499928e7fba6eda6f92853fbe669de8cc30f6c6a85cc042db056d6,8111,ifixit_public_lg_air_conditioner_filter_guide,ifixit_public_guide_verify_license_before_training,filter,pending_review_before_roboflow,pending_final_visual_review,LG/Goldstar air conditioner filter repair-guide candidate; verify license and visual relevance before Roboflow
10_원천이미지_raw/20_학습후보/filter_bbox_seed_100plus/filter_seed_127.jpg,127,ifixit_lg_goldstar_filter_pending_visual_review,10_원천이미지_raw/10_웹크롤링후보/ifixit_lg_goldstar_filter/ifixit_lg_filter_035_YSAuYZRLwLYwRkii.jpg,https://www.ifixit.com/Guide/How%2Bto%2BClean%2Ban%2BLG%2BGoldstar%2BBG5200ER%2BAir%2BConditioner%2BAir%2BFilter/150241,https://guide-images.cdn.ifixit.com/igi/YSAuYZRLwLYwRkii.200x150,,f13cbd286bd48729c61ceb9c4a53e6b1e96cf3ea606b3103a34a77ef2113c08d,7409,ifixit_public_lg_air_conditioner_filter_guide,ifixit_public_guide_verify_license_before_training,filter,pending_review_before_roboflow,pending_final_visual_review,LG/Goldstar air conditioner filter repair-guide candidate; verify license and visual relevance before Roboflow
10_원천이미지_raw/20_학습후보/filter_bbox_seed_100plus/filter_seed_128.jpg,128,ifixit_lg_goldstar_filter_pending_visual_review,10_원천이미지_raw/10_웹크롤링후보/ifixit_lg_goldstar_filter/ifixit_lg_filter_036_OgAFsjrWacqymtUs.jpg,https://www.ifixit.com/Guide/How%2Bto%2BClean%2Ban%2BLG%2BGoldstar%2BBG5200ER%2BAir%2BConditioner%2BAir%2BFilter/150241,https://guide-images.cdn.ifixit.com/igi/OgAFsjrWacqymtUs.200x150,,3d60f9110cdec92c9c0374b550e425f07d934ec894aa95d6fff39c9d6f459f68,6737,ifixit_public_lg_air_conditioner_filter_guide,ifixit_public_guide_verify_license_before_training,filter,pending_review_before_roboflow,pending_final_visual_review,LG/Goldstar air conditioner filter repair-guide candidate; verify license and visual relevance before Roboflow
