"final_index","final_relative_path","seed_source","source_page","url","license_status","target_class","label_status","final_review_status","notes"
"1","10_원천이미지_raw/20_학습후보/filter_bbox_seed_final_reviewed_115/filter_bbox_final_001.jpg","lg_official_round1_visual_accepted","https://www.lge.co.kr/support/solutions-1433235107665","https://gscs.lge.com/gscs/support/fileupload/downloadFile.do?fileId=ZuSXJ0ELtSvb0Ila5WYblA&portalId=P1","official_public_support_candidate_not_explicit_training_license","filter","ready_for_roboflow_filter_bbox","accepted_for_filter_bbox_labeling","LG official support image candidate; verify visual relevance before Roboflow labeling"
"2","10_원천이미지_raw/20_학습후보/filter_bbox_seed_final_reviewed_115/filter_bbox_final_002.jpg","lg_official_round1_visual_accepted","https://www.lge.co.kr/support/solutions-1433235107665","https://gscs.lge.com/gscs/support/fileupload/downloadFile.do?fileId=SmiqIfQISRM1NDTuljayEg&portalId=P1","official_public_support_candidate_not_explicit_training_license","filter","ready_for_roboflow_filter_bbox","accepted_for_filter_bbox_labeling","LG official support image candidate; verify visual relevance before Roboflow labeling"
"3","10_원천이미지_raw/20_학습후보/filter_bbox_seed_final_reviewed_115/filter_bbox_final_003.jpg","lg_official_round1_visual_accepted","https://www.lge.co.kr/support/solutions-1433235107665","https://gscs.lge.com/gscs/support/fileupload/downloadFile.do?fileId=L4RSY2YT6jVhVAJ65kssA&portalId=P1","official_public_support_candidate_not_explicit_training_license","filter","ready_for_roboflow_filter_bbox","accepted_for_filter_bbox_labeling","LG official support image candidate; verify visual relevance before Roboflow labeling"
"4","10_원천이미지_raw/20_학습후보/filter_bbox_seed_final_reviewed_115/filter_bbox_final_004.jpg","lg_official_round1_visual_accepted","https://www.lge.co.kr/support/solutions-1433235107665","https://gscs.lge.com/gscs/support/fileupload/downloadFile.do?fileId=lh8j8GeJlMF3o8h11v4A&portalId=P1","official_public_support_candidate_not_explicit_training_license","filter","ready_for_roboflow_filter_bbox","accepted_for_filter_bbox_labeling","LG official support image candidate; verify visual relevance before Roboflow labeling"
"5","10_원천이미지_raw/20_학습후보/filter_bbox_seed_final_reviewed_115/filter_bbox_final_005.jpg","lg_official_round1_visual_accepted","https://www.lge.co.kr/support/solutions-1433235107665","https://gscs.lge.com/gscs/support/fileupload/downloadFile.do?fileId=qKo6q6lEoHdXY7fieHLjA&portalId=P1","official_public_support_candidate_not_explicit_training_license","filter","ready_for_roboflow_filter_bbox","accepted_for_filter_bbox_labeling","LG official support image candidate; verify visual relevance before Roboflow labeling"
"6","10_원천이미지_raw/20_학습후보/filter_bbox_seed_final_reviewed_115/filter_bbox_final_006.jpg","lg_official_round1_visual_accepted","https://www.lge.co.kr/support/solutions-1433235107665","https://gscs.lge.com/gscs/support/fileupload/downloadFile.do?fileId=RUd704mnRozjUtRfgCf5Q&portalId=P1","official_public_support_candidate_not_explicit_training_license","filter","ready_for_roboflow_filter_bbox","accepted_for_filter_bbox_labeling","LG official support image candidate; verify visual relevance before Roboflow labeling"
"7","10_원천이미지_raw/20_학습후보/filter_bbox_seed_final_reviewed_115/filter_bbox_final_007.jpg","lg_official_round1_visual_accepted","https://www.lge.co.kr/support/solutions-1433235107665","https://gscs.lge.com/gscs/support/fileupload/downloadFile.do?fileId=oyKh9GrWTeDZpSiBlqZFIQ&portalId=P1","official_public_support_candidate_not_explicit_training_license","filter","ready_for_roboflow_filter_bbox","accepted_for_filter_bbox_labeling","LG official support image candidate; verify visual relevance before Roboflow labeling"
"8","10_원천이미지_raw/20_학습후보/filter_bbox_seed_final_reviewed_115/filter_bbox_final_008.jpg","lg_official_round1_visual_accepted","https://www.lge.co.kr/support/solutions-1433235107665","https://gscs.lge.com/gscs/support/fileupload/downloadFile.do?fileId=4nCQpRMGPtJYki3PyHK4dg&portalId=P1","official_public_support_candidate_not_explicit_training_license","filter","ready_for_roboflow_filter_bbox","accepted_for_filter_bbox_labeling","LG official support image candidate; verify visual relevance before Roboflow labeling"
"9","10_원천이미지_raw/20_학습후보/filter_bbox_seed_final_reviewed_115/filter_bbox_final_009.jpg","lg_official_round1_visual_accepted","https://www.lge.co.kr/support/solutions-1433235107665","https://gscs.lge.com/gscs/support/fileupload/downloadFile.do?fileId=lMbBhURfkX32jAgLdDHIfw&portalId=P1","official_public_support_candidate_not_explicit_training_license","filter","ready_for_roboflow_filter_bbox","accepted_for_filter_bbox_labeling","LG official support image candidate; verify visual relevance before Roboflow labeling"
"10","10_원천이미지_raw/20_학습후보/filter_bbox_seed_final_reviewed_115/filter_bbox_final_010.jpg","lg_official_round1_visual_accepted","https://www.lge.co.kr/support/solutions-1433235107665","https://gscs.lge.com/gscs/support/fileupload/downloadFile.do?fileId=vmcCJtIY1rvwBFl6URXUoA&portalId=P1","official_public_support_candidate_not_explicit_training_license","filter","ready_for_roboflow_filter_bbox","accepted_for_filter_bbox_labeling","LG official support image candidate; verify visual relevance before Roboflow labeling"
"11","10_원천이미지_raw/20_학습후보/filter_bbox_seed_final_reviewed_115/filter_bbox_final_011.jpg","lg_official_round1_visual_accepted","https://www.lge.co.kr/support/solutions-20150131974657","https://gscs.lge.com/gscs/support/fileupload/downloadFile.do?fileId=g3RjJsrThWf5sokIqXGoww&portalId=P1","official_public_support_candidate_not_explicit_training_license","filter","ready_for_roboflow_filter_bbox","accepted_for_filter_bbox_labeling","LG official support image candidate; verify visual relevance before Roboflow labeling"
"12","10_원천이미지_raw/20_학습후보/filter_bbox_seed_final_reviewed_115/filter_bbox_final_012.jpg","lg_official_round1_visual_accepted","https://www.lge.co.kr/support/solutions-20150131974657","https://gscs.lge.com/gscs/support/fileupload/downloadFile.do?fileId=HM0DR9dJSbUR2jWfcW7Hg&portalId=P1","official_public_support_candidate_not_explicit_training_license","filter","ready_for_roboflow_filter_bbox","accepted_for_filter_bbox_labeling","LG official support image candidate; verify visual relevance before Roboflow labeling"
"13","10_원천이미지_raw/20_학습후보/filter_bbox_seed_final_reviewed_115/filter_bbox_final_013.jpg","lg_official_round1_visual_accepted","https://www.lge.co.kr/support/solutions-20150131974657","https://gscs.lge.com/gscs/support/fileupload/downloadFile.do?fileId=mcPjT7TGjvTLLl6B6uEw&portalId=P1","official_public_support_candidate_not_explicit_training_license","filter","ready_for_roboflow_filter_bbox","accepted_for_filter_bbox_labeling","LG official support image candidate; verify visual relevance before Roboflow labeling"
"14","10_원천이미지_raw/20_학습후보/filter_bbox_seed_final_reviewed_115/filter_bbox_final_014.jpg","lg_official_round1_visual_accepted","https://www.lge.co.kr/support/solutions-20150131974657","https://gscs.lge.com/gscs/support/fileupload/downloadFile.do?fileId=TL8qVGvZnSKDqOzgJi3cg&portalId=P1","official_public_support_candidate_not_explicit_training_license","filter","ready_for_roboflow_filter_bbox","accepted_for_filter_bbox_labeling","LG official support image candidate; verify visual relevance before Roboflow labeling"
"15","10_원천이미지_raw/20_학습후보/filter_bbox_seed_final_reviewed_115/filter_bbox_final_015.jpg","lg_official_round1_visual_accepted","https://www.lge.co.kr/support/solutions-20150131974657","https://gscs.lge.com/gscs/support/fileupload/downloadFile.do?fileId=XYLJ2uzcTDx7CQXEbTIBBQ&portalId=P1","official_public_support_candidate_not_explicit_training_license","filter","ready_for_roboflow_filter_bbox","accepted_for_filter_bbox_labeling","LG official support image candidate; verify visual relevance before Roboflow labeling"
"16","10_원천이미지_raw/20_학습후보/filter_bbox_seed_final_reviewed_115/filter_bbox_final_016.jpg","lg_official_round1_visual_accepted","https://www.lge.co.kr/support/solutions-20150131974657","https://gscs.lge.com/gscs/support/fileupload/downloadFile.do?fileId=5xUJ2xD3rz2WkRniSE0LA&portalId=P1","official_public_support_candidate_not_explicit_training_license","filter","ready_for_roboflow_filter_bbox","accepted_for_filter_bbox_labeling","LG official support image candidate; verify visual relevance before Roboflow labeling"
"17","10_원천이미지_raw/20_학습후보/filter_bbox_seed_final_reviewed_115/filter_bbox_final_017.jpg","lg_official_round1_visual_accepted","https://www.lge.co.kr/support/solutions-20150131974657","https://gscs.lge.com/gscs/support/fileupload/downloadFile.do?fileId=brx90uanEvvgH1nRWK4N5Q&portalId=P1","official_public_support_candidate_not_explicit_training_license","filter","ready_for_roboflow_filter_bbox","accepted_for_filter_bbox_labeling","LG official support image candidate; verify visual relevance before Roboflow labeling"
"18","10_원천이미지_raw/20_학습후보/filter_bbox_seed_final_reviewed_115/filter_bbox_final_018.jpg","lg_official_round1_visual_accepted","https://www.lge.co.kr/support/solutions-20150131974657","https://gscs.lge.com/gscs/support/fileupload/downloadFile.do?fileId=TdxlmmwfuFNuihH784qokQ&portalId=P1","official_public_support_candidate_not_explicit_training_license","filter","ready_for_roboflow_filter_bbox","accepted_for_filter_bbox_labeling","LG official support image candidate; verify visual relevance before Roboflow labeling"
"19","10_원천이미지_raw/20_학습후보/filter_bbox_seed_final_reviewed_115/filter_bbox_final_019.jpg","lg_official_round1_visual_accepted","https://www.lge.co.kr/support/solutions-20150131974657","https://gscs.lge.com/gscs/support/fileupload/downloadFile.do?fileId=HLN0U256jwBa2ZeTPwJldg&portalId=P1","official_public_support_candidate_not_explicit_training_license","filter","ready_for_roboflow_filter_bbox","accepted_for_filter_bbox_labeling","LG official support image candidate; verify visual relevance before Roboflow labeling"
"20","10_원천이미지_raw/20_학습후보/filter_bbox_seed_final_reviewed_115/filter_bbox_final_020.jpg","lg_official_round1_visual_accepted","https://www.lge.co.kr/support/solutions-20150131974657","https://gscs.lge.com/gscs/support/fileupload/downloadFile.do?fileId=NUxS1aL7gdACbAjqfwMkQ&portalId=P1","official_public_support_candidate_not_explicit_training_license","filter","ready_for_roboflow_filter_bbox","accepted_for_filter_bbox_labeling","LG official support image candidate; verify visual relevance before Roboflow labeling"
"21","10_원천이미지_raw/20_학습후보/filter_bbox_seed_final_reviewed_115/filter_bbox_final_021.jpg","lg_official_round1_visual_accepted","https://www.lge.co.kr/support/solutions-20150160251795","https://gscs.lge.com/gscs/support/fileupload/downloadFile.do?fileId=EkhV31gZWcjZjrBzHu30g&portalId=P1","official_public_support_candidate_not_explicit_training_license","filter","ready_for_roboflow_filter_bbox","accepted_for_filter_bbox_labeling","LG official support image candidate; verify visual relevance before Roboflow labeling"
"22","10_원천이미지_raw/20_학습후보/filter_bbox_seed_final_reviewed_115/filter_bbox_final_022.jpg","lg_official_round1_visual_accepted","https://www.lge.co.kr/support/solutions-20150160251795","https://gscs.lge.com/gscs/support/fileupload/downloadFile.do?fileId=sBaU94FkNVF4VdwOpB9sAw&portalId=P1","official_public_support_candidate_not_explicit_training_license","filter","ready_for_roboflow_filter_bbox","accepted_for_filter_bbox_labeling","LG official support image candidate; verify visual relevance before Roboflow labeling"
"23","10_원천이미지_raw/20_학습후보/filter_bbox_seed_final_reviewed_115/filter_bbox_final_023.jpg","lg_official_round1_visual_accepted","https://www.lge.co.kr/support/solutions-20150160251795","https://gscs.lge.com/gscs/support/fileupload/downloadFile.do?fileId=E3pPXd3phKIWqRuQp1g&portalId=P1","official_public_support_candidate_not_explicit_training_license","filter","ready_for_roboflow_filter_bbox","accepted_for_filter_bbox_labeling","LG official support image candidate; verify visual relevance before Roboflow labeling"
"24","10_원천이미지_raw/20_학습후보/filter_bbox_seed_final_reviewed_115/filter_bbox_final_024.jpg","lg_official_round1_visual_accepted","https://www.lge.co.kr/support/solutions-20150160251795","https://gscs.lge.com/gscs/support/fileupload/downloadFile.do?fileId=MBHbieq3gBT8pjGNyuxUmg&portalId=P1","official_public_support_candidate_not_explicit_training_license","filter","ready_for_roboflow_filter_bbox","accepted_for_filter_bbox_labeling","LG official support image candidate; verify visual relevance before Roboflow labeling"
"25","10_원천이미지_raw/20_학습후보/filter_bbox_seed_final_reviewed_115/filter_bbox_final_025.jpg","lg_official_round1_visual_accepted","https://www.lge.co.kr/support/solutions-20150160251795","https://gscs.lge.com/gscs/support/fileupload/downloadFile.do?fileId=s93ct0Gz8XmCtwygHl8IxA&portalId=P1","official_public_support_candidate_not_explicit_training_license","filter","ready_for_roboflow_filter_bbox","accepted_for_filter_bbox_labeling","LG official support image candidate; verify visual relevance before Roboflow labeling"
"26","10_원천이미지_raw/20_학습후보/filter_bbox_seed_final_reviewed_115/filter_bbox_final_026.jpg","lg_official_round1_visual_accepted","https://www.lge.co.kr/support/solutions-20150160251795","https://gscs.lge.com/gscs/support/fileupload/downloadFile.do?fileId=z3RU1abtMi3qS2DRQmMdg&portalId=P1","official_public_support_candidate_not_explicit_training_license","filter","ready_for_roboflow_filter_bbox","accepted_for_filter_bbox_labeling","LG official support image candidate; verify visual relevance before Roboflow labeling"
"27","10_원천이미지_raw/20_학습후보/filter_bbox_seed_final_reviewed_115/filter_bbox_final_027.jpg","lg_official_round1_visual_accepted","https://www.lge.co.kr/support/solutions-20150160251795","https://gscs.lge.com/gscs/support/fileupload/downloadFile.do?fileId=wmCU6cQOG9umszDi0Agaww&portalId=P1","official_public_support_candidate_not_explicit_training_license","filter","ready_for_roboflow_filter_bbox","accepted_for_filter_bbox_labeling","LG official support image candidate; verify visual relevance before Roboflow labeling"
"28","10_원천이미지_raw/20_학습후보/filter_bbox_seed_final_reviewed_115/filter_bbox_final_028.jpg","lg_official_round1_visual_accepted","https://www.lge.co.kr/support/solutions-20150160251795","https://gscs.lge.com/gscs/support/fileupload/downloadFile.do?fileId=gRPeFYliodiCw7U8UmQzg&portalId=P1","official_public_support_candidate_not_explicit_training_license","filter","ready_for_roboflow_filter_bbox","accepted_for_filter_bbox_labeling","LG official support image candidate; verify visual relevance before Roboflow labeling"
"29","10_원천이미지_raw/20_학습후보/filter_bbox_seed_final_reviewed_115/filter_bbox_final_029.jpg","lg_official_round1_visual_accepted","https://www.lge.co.kr/support/solutions-20155004691164","https://gscs.lge.com/gscs/support/fileupload/downloadFile.do?fileId=qJ5OsI2rgJ1U28G8j18yZA&portalId=P1","official_public_support_candidate_not_explicit_training_license","filter","ready_for_roboflow_filter_bbox","accepted_for_filter_bbox_labeling","LG official support image candidate; verify visual relevance before Roboflow labeling"
"30","10_원천이미지_raw/20_학습후보/filter_bbox_seed_final_reviewed_115/filter_bbox_final_030.jpg","lg_official_round1_visual_accepted","https://www.lge.co.kr/support/solutions-20155004691164","https://gscs.lge.com/gscs/support/fileupload/downloadFile.do?fileId=HNXDwm0vCALJl916RZmKzw&portalId=P1","official_public_support_candidate_not_explicit_training_license","filter","ready_for_roboflow_filter_bbox","accepted_for_filter_bbox_labeling","LG official support image candidate; verify visual relevance before Roboflow labeling"
"31","10_원천이미지_raw/20_학습후보/filter_bbox_seed_final_reviewed_115/filter_bbox_final_031.jpg","lg_official_round1_visual_accepted","https://www.lge.co.kr/support/solutions-20155004691164","https://gscs.lge.com/gscs/support/fileupload/downloadFile.do?fileId=3biFfv2xSOboSVQ2pyzS6g&portalId=P1","official_public_support_candidate_not_explicit_training_license","filter","ready_for_roboflow_filter_bbox","accepted_for_filter_bbox_labeling","LG official support image candidate; verify visual relevance before Roboflow labeling"
"32","10_원천이미지_raw/20_학습후보/filter_bbox_seed_final_reviewed_115/filter_bbox_final_032.jpg","lg_official_round1_visual_accepted","https://www.lge.co.kr/support/solutions-20155004691164","https://gscs.lge.com/gscs/support/fileupload/downloadFile.do?fileId=KABgf0Wrx55dWiZN53z1LQ&portalId=P1","official_public_support_candidate_not_explicit_training_license","filter","ready_for_roboflow_filter_bbox","accepted_for_filter_bbox_labeling","LG official support image candidate; verify visual relevance before Roboflow labeling"
"33","10_원천이미지_raw/20_학습후보/filter_bbox_seed_final_reviewed_115/filter_bbox_final_033.jpg","lg_official_round1_visual_accepted","https://www.lge.co.kr/support/video-tutorials-20150104467528","https://gscs.lge.com/gscs/support/fileupload/downloadFile.do?fileId=C0LmTYIVxtAkAwXtplMzg&portalId=P1","official_public_support_candidate_not_explicit_training_license","filter","ready_for_roboflow_filter_bbox","accepted_for_filter_bbox_labeling","LG official support image candidate; verify visual relevance before Roboflow labeling"
"34","10_원천이미지_raw/20_학습후보/filter_bbox_seed_final_reviewed_115/filter_bbox_final_034.jpg","lg_official_round1_visual_accepted","https://www.lge.co.kr/support/video-tutorials-20150104467528","https://gscs.lge.com/gscs/support/fileupload/downloadFile.do?fileId=Kj8YB6QZZNjn3FlAWLsaw&portalId=P1","official_public_support_candidate_not_explicit_training_license","filter","ready_for_roboflow_filter_bbox","accepted_for_filter_bbox_labeling","LG official support image candidate; verify visual relevance before Roboflow labeling"
"35","10_원천이미지_raw/20_학습후보/filter_bbox_seed_final_reviewed_115/filter_bbox_final_035.jpg","lg_official_round1_visual_accepted","https://www.lge.co.kr/support/video-tutorials-20150104467528","https://gscs.lge.com/gscs/support/fileupload/downloadFile.do?fileId=PmndSXXAWosyZsPtEJt2g&portalId=P1","official_public_support_candidate_not_explicit_training_license","filter","ready_for_roboflow_filter_bbox","accepted_for_filter_bbox_labeling","LG official support image candidate; verify visual relevance before Roboflow labeling"
"36","10_원천이미지_raw/20_학습후보/filter_bbox_seed_final_reviewed_115/filter_bbox_final_036.jpg","lg_official_round1_visual_accepted","https://www.lge.co.kr/support/video-tutorials-20150104467528","https://gscs.lge.com/gscs/support/fileupload/downloadFile.do?fileId=c1VrEou5V1LaSQBxBC7aQ&portalId=P1","official_public_support_candidate_not_explicit_training_license","filter","ready_for_roboflow_filter_bbox","accepted_for_filter_bbox_labeling","LG official support image candidate; verify visual relevance before Roboflow labeling"
"37","10_원천이미지_raw/20_학습후보/filter_bbox_seed_final_reviewed_115/filter_bbox_final_037.jpg","lg_official_round1_visual_accepted","https://www.lge.co.kr/support/solutions-1780456","https://gscs.lge.com/gscs/support/fileupload/downloadFile.do?fileId=L992R2SpIawJkeC3JfAw&portalId=P1","official_public_support_candidate_not_explicit_training_license","filter","ready_for_roboflow_filter_bbox","accepted_for_filter_bbox_labeling","LG official support image candidate; verify visual relevance before Roboflow labeling"
"38","10_원천이미지_raw/20_학습후보/filter_bbox_seed_final_reviewed_115/filter_bbox_final_038.jpg","lg_official_round1_visual_accepted","https://www.lge.co.kr/support/solutions-1780456","https://gscs.lge.com/gscs/support/fileupload/downloadFile.do?fileId=kWqXaRvmWGUNpQjvSvfnw&portalId=P1","official_public_support_candidate_not_explicit_training_license","filter","ready_for_roboflow_filter_bbox","accepted_for_filter_bbox_labeling","LG official support image candidate; verify visual relevance before Roboflow labeling"
"39","10_원천이미지_raw/20_학습후보/filter_bbox_seed_final_reviewed_115/filter_bbox_final_039.jpg","lg_official_round1_visual_accepted","https://www.lge.co.kr/support/solutions-1780456","https://gscs.lge.com/gscs/support/fileupload/downloadFile.do?fileId=eIMOYTnTTi5t8zbvJhOPJQ&portalId=P1","official_public_support_candidate_not_explicit_training_license","filter","ready_for_roboflow_filter_bbox","accepted_for_filter_bbox_labeling","LG official support image candidate; verify visual relevance before Roboflow labeling"
"40","10_원천이미지_raw/20_학습후보/filter_bbox_seed_final_reviewed_115/filter_bbox_final_040.jpg","lg_official_round1_visual_accepted","https://www.lge.co.kr/support/solutions-1780456","https://gscs.lge.com/gscs/support/fileupload/downloadFile.do?fileId=RE75478c33pn8ZT7HvWMiw&portalId=P1","official_public_support_candidate_not_explicit_training_license","filter","ready_for_roboflow_filter_bbox","accepted_for_filter_bbox_labeling","LG official support image candidate; verify visual relevance before Roboflow labeling"
"41","10_원천이미지_raw/20_학습후보/filter_bbox_seed_final_reviewed_115/filter_bbox_final_041.jpg","lg_official_round1_visual_accepted","https://www.lge.co.kr/support/solutions-1780456","https://gscs.lge.com/gscs/support/fileupload/downloadFile.do?fileId=3Sfq4wUFMm0gGDJ6FMmZMA&portalId=P1","official_public_support_candidate_not_explicit_training_license","filter","ready_for_roboflow_filter_bbox","accepted_for_filter_bbox_labeling","LG official support image candidate; verify visual relevance before Roboflow labeling"
"42","10_원천이미지_raw/20_학습후보/filter_bbox_seed_final_reviewed_115/filter_bbox_final_042.jpg","lg_official_round1_visual_accepted","https://www.lge.co.kr/support/solutions-1780456","https://gscs.lge.com/gscs/support/fileupload/downloadFile.do?fileId=iRH9fKxoVXW2jflGh90A&portalId=P1","official_public_support_candidate_not_explicit_training_license","filter","ready_for_roboflow_filter_bbox","accepted_for_filter_bbox_labeling","LG official support image candidate; verify visual relevance before Roboflow labeling"
"43","10_원천이미지_raw/20_학습후보/filter_bbox_seed_final_reviewed_115/filter_bbox_final_043.jpg","lg_official_round1_visual_accepted","https://www.lge.co.kr/support/solutions-1433237910132","https://gscs.lge.com/gscs/support/fileupload/downloadFile.do?fileId=7S9aUnfyuz66JAYmABhag&portalId=P1","official_public_support_candidate_not_explicit_training_license","filter","ready_for_roboflow_filter_bbox","accepted_for_filter_bbox_labeling","LG official support image candidate; verify visual relevance before Roboflow labeling"
"44","10_원천이미지_raw/20_학습후보/filter_bbox_seed_final_reviewed_115/filter_bbox_final_044.jpg","lg_official_round1_visual_accepted","https://www.lge.co.kr/support/solutions-1433237910132","https://gscs.lge.com/gscs/support/fileupload/downloadFile.do?fileId=X5RctO93j4DA6xeWqCkxkw&portalId=P1","official_public_support_candidate_not_explicit_training_license","filter","ready_for_roboflow_filter_bbox","accepted_for_filter_bbox_labeling","LG official support image candidate; verify visual relevance before Roboflow labeling"
"45","10_원천이미지_raw/20_학습후보/filter_bbox_seed_final_reviewed_115/filter_bbox_final_045.jpg","lg_official_round1_visual_accepted","https://www.lge.co.kr/support/video-tutorials-1433237647090","https://gscs.lge.com/gscs/support/fileupload/downloadFile.do?fileId=nYTAQ7WwqG184Q0Kc8f4sw&portalId=P1","official_public_support_candidate_not_explicit_training_license","filter","ready_for_roboflow_filter_bbox","accepted_for_filter_bbox_labeling","LG official support image candidate; verify visual relevance before Roboflow labeling"
"46","10_원천이미지_raw/20_학습후보/filter_bbox_seed_final_reviewed_115/filter_bbox_final_046.jpg","lg_official_round1_visual_accepted","https://www.lge.co.kr/support/video-tutorials-1433237647090","https://gscs.lge.com/gscs/support/fileupload/downloadFile.do?fileId=hL3pYRqklJGailIf9SExHg&portalId=P1","official_public_support_candidate_not_explicit_training_license","filter","ready_for_roboflow_filter_bbox","accepted_for_filter_bbox_labeling","LG official support image candidate; verify visual relevance before Roboflow labeling"
"47","10_원천이미지_raw/20_학습후보/filter_bbox_seed_final_reviewed_115/filter_bbox_final_047.jpg","lg_official_round1_visual_accepted","https://www.lge.co.kr/support/video-tutorials-1433237647090","https://gscs.lge.com/gscs/support/fileupload/downloadFile.do?fileId=YPaPluW92ze5xKxjJRAJw&portalId=P1","official_public_support_candidate_not_explicit_training_license","filter","ready_for_roboflow_filter_bbox","accepted_for_filter_bbox_labeling","LG official support image candidate; verify visual relevance before Roboflow labeling"
"48","10_원천이미지_raw/20_학습후보/filter_bbox_seed_final_reviewed_115/filter_bbox_final_048.jpg","lg_official_round1_visual_accepted","https://www.lge.co.kr/support/solutions-20151624946326","https://gscs.lge.com/gscs/support/fileupload/downloadFile.do?fileId=wAgl7qHOvmHCmCDz6R2LA&portalId=P1","official_public_support_candidate_not_explicit_training_license","filter","ready_for_roboflow_filter_bbox","accepted_for_filter_bbox_labeling","LG official support image candidate; verify visual relevance before Roboflow labeling"
"49","10_원천이미지_raw/20_학습후보/filter_bbox_seed_final_reviewed_115/filter_bbox_final_049.jpg","lg_official_round1_visual_accepted","https://www.lge.co.kr/support/solutions-20152649118201","https://gscs.lge.com/gscs/support/fileupload/downloadFile.do?fileId=k9los4dZJILqDpQLzqCFg&portalId=P1","official_public_support_candidate_not_explicit_training_license","filter","ready_for_roboflow_filter_bbox","accepted_for_filter_bbox_labeling","LG official support image candidate; verify visual relevance before Roboflow labeling"
"50","10_원천이미지_raw/20_학습후보/filter_bbox_seed_final_reviewed_115/filter_bbox_final_050.jpg","lg_official_round1_visual_accepted","https://www.lge.co.kr/support/solutions-20152649118201","https://gscs.lge.com/gscs/support/fileupload/downloadFile.do?fileId=35UaqWkp5KHGWHcGKTU2eg&portalId=P1","official_public_support_candidate_not_explicit_training_license","filter","ready_for_roboflow_filter_bbox","accepted_for_filter_bbox_labeling","LG official support image candidate; verify visual relevance before Roboflow labeling"
"51","10_원천이미지_raw/20_학습후보/filter_bbox_seed_final_reviewed_115/filter_bbox_final_051.jpg","lg_official_round1_visual_accepted","https://www.lge.co.kr/support/solutions-20152649118201","https://gscs.lge.com/gscs/support/fileupload/downloadFile.do?fileId=Rg0dZaqMUDud3F6wODjg&portalId=P1","official_public_support_candidate_not_explicit_training_license","filter","ready_for_roboflow_filter_bbox","accepted_for_filter_bbox_labeling","LG official support image candidate; verify visual relevance before Roboflow labeling"
"52","10_원천이미지_raw/20_학습후보/filter_bbox_seed_final_reviewed_115/filter_bbox_final_052.jpg","lg_official_round1_visual_accepted","https://www.lge.co.kr/support/solutions-20152649118201","https://gscs.lge.com/gscs/support/fileupload/downloadFile.do?fileId=5zIdI06Hhlfx8vUPf1YfNg&portalId=P1","official_public_support_candidate_not_explicit_training_license","filter","ready_for_roboflow_filter_bbox","accepted_for_filter_bbox_labeling","LG official support image candidate; verify visual relevance before Roboflow labeling"
"53","10_원천이미지_raw/20_학습후보/filter_bbox_seed_final_reviewed_115/filter_bbox_final_053.jpg","lg_official_round1_visual_accepted","https://www.lge.co.kr/support/solutions-20152649118201","https://gscs.lge.com/gscs/support/fileupload/downloadFile.do?fileId=yxVuV9qL2FFIAJRWshPXUQ&portalId=P1","official_public_support_candidate_not_explicit_training_license","filter","ready_for_roboflow_filter_bbox","accepted_for_filter_bbox_labeling","LG official support image candidate; verify visual relevance before Roboflow labeling"
"54","10_원천이미지_raw/20_학습후보/filter_bbox_seed_final_reviewed_115/filter_bbox_final_054.jpg","lg_official_round1_visual_accepted","https://www.lge.co.kr/support/solutions-20152649118201","https://gscs.lge.com/gscs/support/fileupload/downloadFile.do?fileId=xoYEWn8bff54vrySR7zcYQ&portalId=P1","official_public_support_candidate_not_explicit_training_license","filter","ready_for_roboflow_filter_bbox","accepted_for_filter_bbox_labeling","LG official support image candidate; verify visual relevance before Roboflow labeling"
"55","10_원천이미지_raw/20_학습후보/filter_bbox_seed_final_reviewed_115/filter_bbox_final_055.jpg","lg_official_round1_visual_accepted","https://www.lge.co.kr/support/solutions-20152649118201","https://gscs.lge.com/gscs/support/fileupload/downloadFile.do?fileId=G7XDwjI16LyZ6GN3NwoVg&portalId=P1","official_public_support_candidate_not_explicit_training_license","filter","ready_for_roboflow_filter_bbox","accepted_for_filter_bbox_labeling","LG official support image candidate; verify visual relevance before Roboflow labeling"
"56","10_원천이미지_raw/20_학습후보/filter_bbox_seed_final_reviewed_115/filter_bbox_final_056.jpg","lg_official_round1_visual_accepted","https://www.lge.co.kr/support/solutions-20152649118201","https://gscs.lge.com/gscs/support/fileupload/downloadFile.do?fileId=Ie8oV4TSTBNawkdjjTgtQ&portalId=P1","official_public_support_candidate_not_explicit_training_license","filter","ready_for_roboflow_filter_bbox","accepted_for_filter_bbox_labeling","LG official support image candidate; verify visual relevance before Roboflow labeling"
"57","10_원천이미지_raw/20_학습후보/filter_bbox_seed_final_reviewed_115/filter_bbox_final_057.jpg","lg_official_round1_visual_accepted","https://www.lge.co.kr/support/solutions-20152649118201","https://gscs.lge.com/gscs/support/fileupload/downloadFile.do?fileId=R0CkCR10GfCE3bqOC2EEg&portalId=P1","official_public_support_candidate_not_explicit_training_license","filter","ready_for_roboflow_filter_bbox","accepted_for_filter_bbox_labeling","LG official support image candidate; verify visual relevance before Roboflow labeling"
"58","10_원천이미지_raw/20_학습후보/filter_bbox_seed_final_reviewed_115/filter_bbox_final_058.jpg","lg_official_round1_visual_accepted","https://www.lge.co.kr/support/solutions-20152649118201","https://gscs.lge.com/gscs/support/fileupload/downloadFile.do?fileId=OjpvLgYIqv66nJrjKHY1g&portalId=P1","official_public_support_candidate_not_explicit_training_license","filter","ready_for_roboflow_filter_bbox","accepted_for_filter_bbox_labeling","LG official support image candidate; verify visual relevance before Roboflow labeling"
"59","10_원천이미지_raw/20_학습후보/filter_bbox_seed_final_reviewed_115/filter_bbox_final_059.jpg","lg_official_round1_visual_accepted","https://www.lge.co.kr/support/solutions-20152649118201","https://gscs.lge.com/gscs/support/fileupload/downloadFile.do?fileId=1mSecCywWAJFKEIYhefAQ&portalId=P1","official_public_support_candidate_not_explicit_training_license","filter","ready_for_roboflow_filter_bbox","accepted_for_filter_bbox_labeling","LG official support image candidate; verify visual relevance before Roboflow labeling"
"60","10_원천이미지_raw/20_학습후보/filter_bbox_seed_final_reviewed_115/filter_bbox_final_060.jpg","lg_official_round1_visual_accepted","https://www.lge.co.kr/support/solutions-20152649118201","https://gscs.lge.com/gscs/support/fileupload/downloadFile.do?fileId=YzKo6PKTOs3PFiJuJBEwqg&portalId=P1","official_public_support_candidate_not_explicit_training_license","filter","ready_for_roboflow_filter_bbox","accepted_for_filter_bbox_labeling","LG official support image candidate; verify visual relevance before Roboflow labeling"
"61","10_원천이미지_raw/20_학습후보/filter_bbox_seed_final_reviewed_115/filter_bbox_final_061.jpg","lg_official_round1_visual_accepted","https://www.lge.co.kr/support/video-tutorials-20151099419617","https://gscs.lge.com/gscs/support/fileupload/downloadFile.do?fileId=mzKo45mKv9k1uW1RJVnlQ&portalId=P1","official_public_support_candidate_not_explicit_training_license","filter","ready_for_roboflow_filter_bbox","accepted_for_filter_bbox_labeling","LG official support image candidate; verify visual relevance before Roboflow labeling"
"62","10_원천이미지_raw/20_학습후보/filter_bbox_seed_final_reviewed_115/filter_bbox_final_062.jpg","lg_official_round1_visual_accepted","https://www.lg.com/us/support/help-library/lg-airconditioner-filter-how-to-clean-and-replace-airconditioner-filter--20154844424480","https://gscs.lge.com/gscs/support/fileupload/downloadFile.do?fileId=7MusR0qVdL0hb7oCosE32g&portalId=P1","official_public_support_candidate_not_explicit_training_license","filter","ready_for_roboflow_filter_bbox","accepted_for_filter_bbox_labeling","LG official support image candidate; verify visual relevance before Roboflow labeling"
"63","10_원천이미지_raw/20_학습후보/filter_bbox_seed_final_reviewed_115/filter_bbox_final_063.jpg","lg_official_round1_visual_accepted","https://www.lg.com/us/support/help-library/lg-airconditioner-filter-how-to-clean-and-replace-airconditioner-filter--20154844424480","https://gscs.lge.com/gscs/support/fileupload/downloadFile.do?fileId=U43ZqdACqsJSAaW8gnuuA&portalId=P1","official_public_support_candidate_not_explicit_training_license","filter","ready_for_roboflow_filter_bbox","accepted_for_filter_bbox_labeling","LG official support image candidate; verify visual relevance before Roboflow labeling"
"64","10_원천이미지_raw/20_학습후보/filter_bbox_seed_final_reviewed_115/filter_bbox_final_064.jpg","lg_official_round1_visual_accepted","https://www.lg.com/us/support/help-library/lg-ac-filter-windowpotable-how-do-i-clean-and-replace-the-filter--20155017810371","https://gscs.lge.com/gscs/support/fileupload/downloadFile.do?fileId=JGVSxLHqqIOJsfAMLtz6gw&portalId=P1","official_public_support_candidate_not_explicit_training_license","filter","ready_for_roboflow_filter_bbox","accepted_for_filter_bbox_labeling","LG official support image candidate; verify visual relevance before Roboflow labeling"
"65","10_원천이미지_raw/20_학습후보/filter_bbox_seed_final_reviewed_115/filter_bbox_final_065.jpg","lg_official_round1_visual_accepted","https://www.lg.com/us/support/help-library/lg-ac-filter-windowpotable-how-do-i-clean-and-replace-the-filter--20155017810371","https://gscs.lge.com/gscs/support/fileupload/downloadFile.do?fileId=Awom0hqww2i2dUGRVQ2nXA&portalId=P1","official_public_support_candidate_not_explicit_training_license","filter","ready_for_roboflow_filter_bbox","accepted_for_filter_bbox_labeling","LG official support image candidate; verify visual relevance before Roboflow labeling"
"66","10_원천이미지_raw/20_학습후보/filter_bbox_seed_final_reviewed_115/filter_bbox_final_066.jpg","lg_official_round1_visual_accepted","https://www.lg.com/us/support/help-library/lg-ac-filter-windowpotable-how-do-i-clean-and-replace-the-filter--20155017810371","https://gscs.lge.com/gscs/support/fileupload/downloadFile.do?fileId=eSR1JjynmtPzNxmg7Mqjkw&portalId=P1","official_public_support_candidate_not_explicit_training_license","filter","ready_for_roboflow_filter_bbox","accepted_for_filter_bbox_labeling","LG official support image candidate; verify visual relevance before Roboflow labeling"
"67","10_원천이미지_raw/20_학습후보/filter_bbox_seed_final_reviewed_115/filter_bbox_final_067.jpg","lg_official_round1_visual_accepted","https://www.lg.com/us/support/help-library/lg-ac-filter-windowpotable-how-do-i-clean-and-replace-the-filter--20155017810371","https://gscs.lge.com/gscs/support/fileupload/downloadFile.do?fileId=rr41LkkVaVktqP7waUAjlQ&portalId=P1","official_public_support_candidate_not_explicit_training_license","filter","ready_for_roboflow_filter_bbox","accepted_for_filter_bbox_labeling","LG official support image candidate; verify visual relevance before Roboflow labeling"
"68","10_원천이미지_raw/20_학습후보/filter_bbox_seed_final_reviewed_115/filter_bbox_final_068.jpg","lg_official_round1_visual_accepted","https://www.lg.com/us/support/help-library/lg-air-conditioner-cleaning-im-curious-about-how-to-maintain-the-air-purification-filter--20154710743587","https://gscs.lge.com/gscs/support/fileupload/downloadFile.do?fileId=nRuYff58jG6tlUSP0R2g&portalId=P1","official_public_support_candidate_not_explicit_training_license","filter","ready_for_roboflow_filter_bbox","accepted_for_filter_bbox_labeling","LG official support image candidate; verify visual relevance before Roboflow labeling"
"69","10_원천이미지_raw/20_학습후보/filter_bbox_seed_final_reviewed_115/filter_bbox_final_069.jpg","lg_official_round1_visual_accepted","https://www.lg.com/us/support/help-library/lg-air-conditioner-cleaning-im-curious-about-how-to-maintain-the-air-purification-filter--20154710743587","https://gscs.lge.com/gscs/support/fileupload/downloadFile.do?fileId=WEHEVPwdJqziY97cxi1g&portalId=P1","official_public_support_candidate_not_explicit_training_license","filter","ready_for_roboflow_filter_bbox","accepted_for_filter_bbox_labeling","LG official support image candidate; verify visual relevance before Roboflow labeling"
"70","10_원천이미지_raw/20_학습후보/filter_bbox_seed_final_reviewed_115/filter_bbox_final_070.jpg","lg_official_round1_visual_accepted","https://www.lg.com/us/support/help-library/lg-air-conditioner-cleaning-im-curious-about-how-to-maintain-the-air-purification-filter--20154710743587","https://gscs.lge.com/gscs/support/fileupload/downloadFile.do?fileId=qYott5U0AsP31U5tDiemw&portalId=P1","official_public_support_candidate_not_explicit_training_license","filter","ready_for_roboflow_filter_bbox","accepted_for_filter_bbox_labeling","LG official support image candidate; verify visual relevance before Roboflow labeling"
"71","10_원천이미지_raw/20_학습후보/filter_bbox_seed_final_reviewed_115/filter_bbox_final_071.jpg","lg_official_round1_visual_accepted","https://www.lg.com/us/support/help-library/lg-air-conditioner-cleaning-im-curious-about-how-to-maintain-the-air-purification-filter--20154710743587","https://gscs.lge.com/gscs/support/fileupload/downloadFile.do?fileId=CQTgsZXYwp5usVJOB6B4Eg&portalId=P1","official_public_support_candidate_not_explicit_training_license","filter","ready_for_roboflow_filter_bbox","accepted_for_filter_bbox_labeling","LG official support image candidate; verify visual relevance before Roboflow labeling"
"72","10_원천이미지_raw/20_학습후보/filter_bbox_seed_final_reviewed_115/filter_bbox_final_072.jpg","lg_official_round2_visual_accepted","https://www.lge.co.kr/support/video-tutorials-20150667074918","https://gscs.lge.com/gscs/support/fileupload/downloadFile.do?fileId=6SKvRBmRfmtrMqT4abpYug&portalId=P1","official_public_support_candidate_not_explicit_training_license","filter","ready_for_roboflow_filter_bbox","accepted_for_filter_bbox_labeling","LG official support image round2 candidate; verify visual relevance before Roboflow labeling"
"73","10_원천이미지_raw/20_학습후보/filter_bbox_seed_final_reviewed_115/filter_bbox_final_073.jpg","lg_official_round2_visual_accepted","https://www.lge.co.kr/support/video-tutorials-20150667074918","https://gscs.lge.com/gscs/support/fileupload/downloadFile.do?fileId=PE3h2WjG3NxwRSKrlUOCoQ&portalId=P1","official_public_support_candidate_not_explicit_training_license","filter","ready_for_roboflow_filter_bbox","accepted_for_filter_bbox_labeling","LG official support image round2 candidate; verify visual relevance before Roboflow labeling"
"74","10_원천이미지_raw/20_학습후보/filter_bbox_seed_final_reviewed_115/filter_bbox_final_074.jpg","lg_official_round2_visual_accepted","https://www.lge.co.kr/support/video-tutorials-20150667074918","https://gscs.lge.com/gscs/support/fileupload/downloadFile.do?fileId=48nG72yZuDAu1BWYv0c8g&portalId=P1","official_public_support_candidate_not_explicit_training_license","filter","ready_for_roboflow_filter_bbox","accepted_for_filter_bbox_labeling","LG official support image round2 candidate; verify visual relevance before Roboflow labeling"
"75","10_원천이미지_raw/20_학습후보/filter_bbox_seed_final_reviewed_115/filter_bbox_final_075.jpg","lg_official_round2_visual_accepted","https://www.lge.co.kr/support/video-tutorials-20150667074918","https://gscs.lge.com/gscs/support/fileupload/downloadFile.do?fileId=Gy4sT887ImEvhb6tAx52g&portalId=P1","official_public_support_candidate_not_explicit_training_license","filter","ready_for_roboflow_filter_bbox","accepted_for_filter_bbox_labeling","LG official support image round2 candidate; verify visual relevance before Roboflow labeling"
"76","10_원천이미지_raw/20_학습후보/filter_bbox_seed_final_reviewed_115/filter_bbox_final_076.jpg","lg_official_round2_visual_accepted","https://www.lge.co.kr/support/video-tutorials-20150642775489","https://gscs.lge.com/gscs/support/fileupload/downloadFile.do?fileId=r7pfMXOtWYgQDJXY6EcXdQ&portalId=P1","official_public_support_candidate_not_explicit_training_license","filter","ready_for_roboflow_filter_bbox","accepted_for_filter_bbox_labeling","LG official support image round2 candidate; verify visual relevance before Roboflow labeling"
"77","10_원천이미지_raw/20_학습후보/filter_bbox_seed_final_reviewed_115/filter_bbox_final_077.jpg","lg_official_round2_visual_accepted","https://www.lge.co.kr/support/video-tutorials-20150642775489","https://gscs.lge.com/gscs/support/fileupload/downloadFile.do?fileId=zohE91q80S7UCL0unwfkjg&portalId=P1","official_public_support_candidate_not_explicit_training_license","filter","ready_for_roboflow_filter_bbox","accepted_for_filter_bbox_labeling","LG official support image round2 candidate; verify visual relevance before Roboflow labeling"
"78","10_원천이미지_raw/20_학습후보/filter_bbox_seed_final_reviewed_115/filter_bbox_final_078.jpg","lg_official_round2_visual_accepted","https://www.lge.co.kr/support/video-tutorials-20151623029683","https://gscs.lge.com/gscs/support/fileupload/downloadFile.do?fileId=iccySP8GlX8Z4KZ9T1WxpQ&portalId=P1","official_public_support_candidate_not_explicit_training_license","filter","ready_for_roboflow_filter_bbox","accepted_for_filter_bbox_labeling","LG official support image round2 candidate; verify visual relevance before Roboflow labeling"
"79","10_원천이미지_raw/20_학습후보/filter_bbox_seed_final_reviewed_115/filter_bbox_final_079.jpg","lg_official_round2_visual_accepted","https://www.lge.co.kr/support/video-tutorials-20151623029683","https://gscs.lge.com/gscs/support/fileupload/downloadFile.do?fileId=GiQ1FRe8evY1Q5X7yxUA&portalId=P1","official_public_support_candidate_not_explicit_training_license","filter","ready_for_roboflow_filter_bbox","accepted_for_filter_bbox_labeling","LG official support image round2 candidate; verify visual relevance before Roboflow labeling"
"80","10_원천이미지_raw/20_학습후보/filter_bbox_seed_final_reviewed_115/filter_bbox_final_080.png","round3_product_ifixit_partial_visual_accepted","","","unknown_or_source_specific_verify_before_training","filter","ready_for_roboflow_filter_bbox","accepted_for_filter_bbox_labeling","Accepted from round3 partial contact sheet by visual review"
"81","10_원천이미지_raw/20_학습후보/filter_bbox_seed_final_reviewed_115/filter_bbox_final_081.png","round3_product_ifixit_partial_visual_accepted","","","unknown_or_source_specific_verify_before_training","filter","ready_for_roboflow_filter_bbox","accepted_for_filter_bbox_labeling","Accepted from round3 partial contact sheet by visual review"
"82","10_원천이미지_raw/20_학습후보/filter_bbox_seed_final_reviewed_115/filter_bbox_final_082.png","round3_product_ifixit_partial_visual_accepted","","","unknown_or_source_specific_verify_before_training","filter","ready_for_roboflow_filter_bbox","accepted_for_filter_bbox_labeling","Accepted from round3 partial contact sheet by visual review"
"83","10_원천이미지_raw/20_학습후보/filter_bbox_seed_final_reviewed_115/filter_bbox_final_083.png","round3_product_ifixit_partial_visual_accepted","","","unknown_or_source_specific_verify_before_training","filter","ready_for_roboflow_filter_bbox","accepted_for_filter_bbox_labeling","Accepted from round3 partial contact sheet by visual review"
"84","10_원천이미지_raw/20_학습후보/filter_bbox_seed_final_reviewed_115/filter_bbox_final_084.png","round3_product_ifixit_partial_visual_accepted","","","unknown_or_source_specific_verify_before_training","filter","ready_for_roboflow_filter_bbox","accepted_for_filter_bbox_labeling","Accepted from round3 partial contact sheet by visual review"
"85","10_원천이미지_raw/20_학습후보/filter_bbox_seed_final_reviewed_115/filter_bbox_final_085.png","round3_product_ifixit_partial_visual_accepted","","","unknown_or_source_specific_verify_before_training","filter","ready_for_roboflow_filter_bbox","accepted_for_filter_bbox_labeling","Accepted from round3 partial contact sheet by visual review"
"86","10_원천이미지_raw/20_학습후보/filter_bbox_seed_final_reviewed_115/filter_bbox_final_086.jpg","round3_product_ifixit_partial_visual_accepted","","","unknown_or_source_specific_verify_before_training","filter","ready_for_roboflow_filter_bbox","accepted_for_filter_bbox_labeling","Accepted from round3 partial contact sheet by visual review"
"87","10_원천이미지_raw/20_학습후보/filter_bbox_seed_final_reviewed_115/filter_bbox_final_087.jpg","round3_product_ifixit_partial_visual_accepted","","","unknown_or_source_specific_verify_before_training","filter","ready_for_roboflow_filter_bbox","accepted_for_filter_bbox_labeling","Accepted from round3 partial contact sheet by visual review"
"88","10_원천이미지_raw/20_학습후보/filter_bbox_seed_final_reviewed_115/filter_bbox_final_088.jpg","round3_product_ifixit_partial_visual_accepted","","","unknown_or_source_specific_verify_before_training","filter","ready_for_roboflow_filter_bbox","accepted_for_filter_bbox_labeling","Accepted from round3 partial contact sheet by visual review"
"89","10_원천이미지_raw/20_학습후보/filter_bbox_seed_final_reviewed_115/filter_bbox_final_089.jpg","round3_product_ifixit_partial_visual_accepted","","","unknown_or_source_specific_verify_before_training","filter","ready_for_roboflow_filter_bbox","accepted_for_filter_bbox_labeling","Accepted from round3 partial contact sheet by visual review"
"90","10_원천이미지_raw/20_학습후보/filter_bbox_seed_final_reviewed_115/filter_bbox_final_090.jpg","round3_product_ifixit_partial_visual_accepted","","","unknown_or_source_specific_verify_before_training","filter","ready_for_roboflow_filter_bbox","accepted_for_filter_bbox_labeling","Accepted from round3 partial contact sheet by visual review"
"91","10_원천이미지_raw/20_학습후보/filter_bbox_seed_final_reviewed_115/filter_bbox_final_091.jpg","round3_product_ifixit_partial_visual_accepted","","","unknown_or_source_specific_verify_before_training","filter","ready_for_roboflow_filter_bbox","accepted_for_filter_bbox_labeling","Accepted from round3 partial contact sheet by visual review"
"92","10_원천이미지_raw/20_학습후보/filter_bbox_seed_final_reviewed_115/filter_bbox_final_092.jpg","round3_product_ifixit_partial_visual_accepted","","","unknown_or_source_specific_verify_before_training","filter","ready_for_roboflow_filter_bbox","accepted_for_filter_bbox_labeling","Accepted from round3 partial contact sheet by visual review"
"93","10_원천이미지_raw/20_학습후보/filter_bbox_seed_final_reviewed_115/filter_bbox_final_093.jpg","ifixit_lg_goldstar_filter_pending_visual_review","https://www.ifixit.com/Guide/How%2Bto%2BClean%2Ban%2BLG%2BGoldstar%2BBG5200ER%2BAir%2BConditioner%2BAir%2BFilter/150241","https://guide-images.cdn.ifixit.com/igi/FjdCFU6oEXptCgHI.200x150","ifixit_public_guide_verify_license_before_training","filter","ready_for_roboflow_filter_bbox","accepted_for_filter_bbox_labeling","LG/Goldstar air conditioner filter repair-guide candidate; verify license and visual relevance before Roboflow"
"94","10_원천이미지_raw/20_학습후보/filter_bbox_seed_final_reviewed_115/filter_bbox_final_094.jpg","ifixit_lg_goldstar_filter_pending_visual_review","https://www.ifixit.com/Guide/How%2Bto%2BClean%2Ban%2BLG%2BGoldstar%2BBG5200ER%2BAir%2BConditioner%2BAir%2BFilter/150241","https://guide-images.cdn.ifixit.com/igi/XjlPA6PSK5PcAG6R.200x150","ifixit_public_guide_verify_license_before_training","filter","ready_for_roboflow_filter_bbox","accepted_for_filter_bbox_labeling","LG/Goldstar air conditioner filter repair-guide candidate; verify license and visual relevance before Roboflow"
"95","10_원천이미지_raw/20_학습후보/filter_bbox_seed_final_reviewed_115/filter_bbox_final_095.jpg","ifixit_lg_goldstar_filter_pending_visual_review","https://www.ifixit.com/Guide/How%2Bto%2BClean%2Ban%2BLG%2BGoldstar%2BBG5200ER%2BAir%2BConditioner%2BAir%2BFilter/150241","https://guide-images.cdn.ifixit.com/igi/kuVtoycEcdXTXKU6.medium","ifixit_public_guide_verify_license_before_training","filter","ready_for_roboflow_filter_bbox","accepted_for_filter_bbox_labeling","LG/Goldstar air conditioner filter repair-guide candidate; verify license and visual relevance before Roboflow"
"96","10_원천이미지_raw/20_학습후보/filter_bbox_seed_final_reviewed_115/filter_bbox_final_096.jpg","ifixit_lg_goldstar_filter_pending_visual_review","https://www.ifixit.com/Guide/How%2Bto%2BClean%2Ban%2BLG%2BGoldstar%2BBG5200ER%2BAir%2BConditioner%2BAir%2BFilter/150241","https://guide-images.cdn.ifixit.com/igi/kuVtoycEcdXTXKU6.large","ifixit_public_guide_verify_license_before_training","filter","ready_for_roboflow_filter_bbox","accepted_for_filter_bbox_labeling","LG/Goldstar air conditioner filter repair-guide candidate; verify license and visual relevance before Roboflow"
"97","10_원천이미지_raw/20_학습후보/filter_bbox_seed_final_reviewed_115/filter_bbox_final_097.jpg","ifixit_lg_goldstar_filter_pending_visual_review","https://www.ifixit.com/Guide/How%2Bto%2BClean%2Ban%2BLG%2BGoldstar%2BBG5200ER%2BAir%2BConditioner%2BAir%2BFilter/150241","https://guide-images.cdn.ifixit.com/igi/HhOCVF43NpjvTPbX.medium","ifixit_public_guide_verify_license_before_training","filter","ready_for_roboflow_filter_bbox","accepted_for_filter_bbox_labeling","LG/Goldstar air conditioner filter repair-guide candidate; verify license and visual relevance before Roboflow"
"98","10_원천이미지_raw/20_학습후보/filter_bbox_seed_final_reviewed_115/filter_bbox_final_098.jpg","ifixit_lg_goldstar_filter_pending_visual_review","https://www.ifixit.com/Guide/How%2Bto%2BClean%2Ban%2BLG%2BGoldstar%2BBG5200ER%2BAir%2BConditioner%2BAir%2BFilter/150241","https://guide-images.cdn.ifixit.com/igi/HhOCVF43NpjvTPbX.large","ifixit_public_guide_verify_license_before_training","filter","ready_for_roboflow_filter_bbox","accepted_for_filter_bbox_labeling","LG/Goldstar air conditioner filter repair-guide candidate; verify license and visual relevance before Roboflow"
"99","10_원천이미지_raw/20_학습후보/filter_bbox_seed_final_reviewed_115/filter_bbox_final_099.jpg","ifixit_lg_goldstar_filter_pending_visual_review","https://www.ifixit.com/Guide/How%2Bto%2BClean%2Ban%2BLG%2BGoldstar%2BBG5200ER%2BAir%2BConditioner%2BAir%2BFilter/150241","https://guide-images.cdn.ifixit.com/igi/W2ZwHNfYCkApwhX1.medium","ifixit_public_guide_verify_license_before_training","filter","ready_for_roboflow_filter_bbox","accepted_for_filter_bbox_labeling","LG/Goldstar air conditioner filter repair-guide candidate; verify license and visual relevance before Roboflow"
"100","10_원천이미지_raw/20_학습후보/filter_bbox_seed_final_reviewed_115/filter_bbox_final_100.jpg","ifixit_lg_goldstar_filter_pending_visual_review","https://www.ifixit.com/Guide/How%2Bto%2BClean%2Ban%2BLG%2BGoldstar%2BBG5200ER%2BAir%2BConditioner%2BAir%2BFilter/150241","https://guide-images.cdn.ifixit.com/igi/W2ZwHNfYCkApwhX1.large","ifixit_public_guide_verify_license_before_training","filter","ready_for_roboflow_filter_bbox","accepted_for_filter_bbox_labeling","LG/Goldstar air conditioner filter repair-guide candidate; verify license and visual relevance before Roboflow"
"101","10_원천이미지_raw/20_학습후보/filter_bbox_seed_final_reviewed_115/filter_bbox_final_101.jpg","ifixit_lg_goldstar_filter_pending_visual_review","https://www.ifixit.com/Guide/How%2Bto%2BClean%2Ban%2BLG%2BGoldstar%2BBG5200ER%2BAir%2BConditioner%2BAir%2BFilter/150241","https://guide-images.cdn.ifixit.com/igi/kuVtoycEcdXTXKU6.200x150","ifixit_public_guide_verify_license_before_training","filter","ready_for_roboflow_filter_bbox","accepted_for_filter_bbox_labeling","LG/Goldstar air conditioner filter repair-guide candidate; verify license and visual relevance before Roboflow"
"102","10_원천이미지_raw/20_학습후보/filter_bbox_seed_final_reviewed_115/filter_bbox_final_102.jpg","ifixit_lg_goldstar_filter_pending_visual_review","https://www.ifixit.com/Guide/How%2Bto%2BClean%2Ban%2BLG%2BGoldstar%2BBG5200ER%2BAir%2BConditioner%2BAir%2BFilter/150241","https://guide-images.cdn.ifixit.com/igi/HhOCVF43NpjvTPbX.200x150","ifixit_public_guide_verify_license_before_training","filter","ready_for_roboflow_filter_bbox","accepted_for_filter_bbox_labeling","LG/Goldstar air conditioner filter repair-guide candidate; verify license and visual relevance before Roboflow"
"103","10_원천이미지_raw/20_학습후보/filter_bbox_seed_final_reviewed_115/filter_bbox_final_103.jpg","ifixit_lg_goldstar_filter_pending_visual_review","https://www.ifixit.com/Guide/How%2Bto%2BClean%2Ban%2BLG%2BGoldstar%2BBG5200ER%2BAir%2BConditioner%2BAir%2BFilter/150241","https://guide-images.cdn.ifixit.com/igi/W2ZwHNfYCkApwhX1.200x150","ifixit_public_guide_verify_license_before_training","filter","ready_for_roboflow_filter_bbox","accepted_for_filter_bbox_labeling","LG/Goldstar air conditioner filter repair-guide candidate; verify license and visual relevance before Roboflow"
"104","10_원천이미지_raw/20_학습후보/filter_bbox_seed_final_reviewed_115/filter_bbox_final_104.jpg","ifixit_lg_goldstar_filter_pending_visual_review","https://www.ifixit.com/Guide/How%2Bto%2BClean%2Ban%2BLG%2BGoldstar%2BBG5200ER%2BAir%2BConditioner%2BAir%2BFilter/150241","https://guide-images.cdn.ifixit.com/igi/XaqoAEGhsQWlnI2u.medium","ifixit_public_guide_verify_license_before_training","filter","ready_for_roboflow_filter_bbox","accepted_for_filter_bbox_labeling","LG/Goldstar air conditioner filter repair-guide candidate; verify license and visual relevance before Roboflow"
"105","10_원천이미지_raw/20_학습후보/filter_bbox_seed_final_reviewed_115/filter_bbox_final_105.jpg","ifixit_lg_goldstar_filter_pending_visual_review","https://www.ifixit.com/Guide/How%2Bto%2BClean%2Ban%2BLG%2BGoldstar%2BBG5200ER%2BAir%2BConditioner%2BAir%2BFilter/150241","https://guide-images.cdn.ifixit.com/igi/XaqoAEGhsQWlnI2u.large","ifixit_public_guide_verify_license_before_training","filter","ready_for_roboflow_filter_bbox","accepted_for_filter_bbox_labeling","LG/Goldstar air conditioner filter repair-guide candidate; verify license and visual relevance before Roboflow"
"106","10_원천이미지_raw/20_학습후보/filter_bbox_seed_final_reviewed_115/filter_bbox_final_106.jpg","ifixit_lg_goldstar_filter_pending_visual_review","https://www.ifixit.com/Guide/How%2Bto%2BClean%2Ban%2BLG%2BGoldstar%2BBG5200ER%2BAir%2BConditioner%2BAir%2BFilter/150241","https://guide-images.cdn.ifixit.com/igi/XaqoAEGhsQWlnI2u.200x150","ifixit_public_guide_verify_license_before_training","filter","ready_for_roboflow_filter_bbox","accepted_for_filter_bbox_labeling","LG/Goldstar air conditioner filter repair-guide candidate; verify license and visual relevance before Roboflow"
"107","10_원천이미지_raw/20_학습후보/filter_bbox_seed_final_reviewed_115/filter_bbox_final_107.jpg","ifixit_lg_goldstar_filter_pending_visual_review","https://www.ifixit.com/Guide/How%2Bto%2BClean%2Ban%2BLG%2BGoldstar%2BBG5200ER%2BAir%2BConditioner%2BAir%2BFilter/150241","https://guide-images.cdn.ifixit.com/igi/saR3QCGWZfYWc4x2.medium","ifixit_public_guide_verify_license_before_training","filter","ready_for_roboflow_filter_bbox","accepted_for_filter_bbox_labeling","LG/Goldstar air conditioner filter repair-guide candidate; verify license and visual relevance before Roboflow"
"108","10_원천이미지_raw/20_학습후보/filter_bbox_seed_final_reviewed_115/filter_bbox_final_108.jpg","ifixit_lg_goldstar_filter_pending_visual_review","https://www.ifixit.com/Guide/How%2Bto%2BClean%2Ban%2BLG%2BGoldstar%2BBG5200ER%2BAir%2BConditioner%2BAir%2BFilter/150241","https://guide-images.cdn.ifixit.com/igi/saR3QCGWZfYWc4x2.large","ifixit_public_guide_verify_license_before_training","filter","ready_for_roboflow_filter_bbox","accepted_for_filter_bbox_labeling","LG/Goldstar air conditioner filter repair-guide candidate; verify license and visual relevance before Roboflow"
"109","10_원천이미지_raw/20_학습후보/filter_bbox_seed_final_reviewed_115/filter_bbox_final_109.jpg","ifixit_lg_goldstar_filter_pending_visual_review","https://www.ifixit.com/Guide/How%2Bto%2BClean%2Ban%2BLG%2BGoldstar%2BBG5200ER%2BAir%2BConditioner%2BAir%2BFilter/150241","https://guide-images.cdn.ifixit.com/igi/YSAuYZRLwLYwRkii.medium","ifixit_public_guide_verify_license_before_training","filter","ready_for_roboflow_filter_bbox","accepted_for_filter_bbox_labeling","LG/Goldstar air conditioner filter repair-guide candidate; verify license and visual relevance before Roboflow"
"110","10_원천이미지_raw/20_학습후보/filter_bbox_seed_final_reviewed_115/filter_bbox_final_110.jpg","ifixit_lg_goldstar_filter_pending_visual_review","https://www.ifixit.com/Guide/How%2Bto%2BClean%2Ban%2BLG%2BGoldstar%2BBG5200ER%2BAir%2BConditioner%2BAir%2BFilter/150241","https://guide-images.cdn.ifixit.com/igi/YSAuYZRLwLYwRkii.large","ifixit_public_guide_verify_license_before_training","filter","ready_for_roboflow_filter_bbox","accepted_for_filter_bbox_labeling","LG/Goldstar air conditioner filter repair-guide candidate; verify license and visual relevance before Roboflow"
"111","10_원천이미지_raw/20_학습후보/filter_bbox_seed_final_reviewed_115/filter_bbox_final_111.jpg","ifixit_lg_goldstar_filter_pending_visual_review","https://www.ifixit.com/Guide/How%2Bto%2BClean%2Ban%2BLG%2BGoldstar%2BBG5200ER%2BAir%2BConditioner%2BAir%2BFilter/150241","https://guide-images.cdn.ifixit.com/igi/OgAFsjrWacqymtUs.medium","ifixit_public_guide_verify_license_before_training","filter","ready_for_roboflow_filter_bbox","accepted_for_filter_bbox_labeling","LG/Goldstar air conditioner filter repair-guide candidate; verify license and visual relevance before Roboflow"
"112","10_원천이미지_raw/20_학습후보/filter_bbox_seed_final_reviewed_115/filter_bbox_final_112.jpg","ifixit_lg_goldstar_filter_pending_visual_review","https://www.ifixit.com/Guide/How%2Bto%2BClean%2Ban%2BLG%2BGoldstar%2BBG5200ER%2BAir%2BConditioner%2BAir%2BFilter/150241","https://guide-images.cdn.ifixit.com/igi/OgAFsjrWacqymtUs.large","ifixit_public_guide_verify_license_before_training","filter","ready_for_roboflow_filter_bbox","accepted_for_filter_bbox_labeling","LG/Goldstar air conditioner filter repair-guide candidate; verify license and visual relevance before Roboflow"
"113","10_원천이미지_raw/20_학습후보/filter_bbox_seed_final_reviewed_115/filter_bbox_final_113.jpg","ifixit_lg_goldstar_filter_pending_visual_review","https://www.ifixit.com/Guide/How%2Bto%2BClean%2Ban%2BLG%2BGoldstar%2BBG5200ER%2BAir%2BConditioner%2BAir%2BFilter/150241","https://guide-images.cdn.ifixit.com/igi/saR3QCGWZfYWc4x2.200x150","ifixit_public_guide_verify_license_before_training","filter","ready_for_roboflow_filter_bbox","accepted_for_filter_bbox_labeling","LG/Goldstar air conditioner filter repair-guide candidate; verify license and visual relevance before Roboflow"
"114","10_원천이미지_raw/20_학습후보/filter_bbox_seed_final_reviewed_115/filter_bbox_final_114.jpg","ifixit_lg_goldstar_filter_pending_visual_review","https://www.ifixit.com/Guide/How%2Bto%2BClean%2Ban%2BLG%2BGoldstar%2BBG5200ER%2BAir%2BConditioner%2BAir%2BFilter/150241","https://guide-images.cdn.ifixit.com/igi/YSAuYZRLwLYwRkii.200x150","ifixit_public_guide_verify_license_before_training","filter","ready_for_roboflow_filter_bbox","accepted_for_filter_bbox_labeling","LG/Goldstar air conditioner filter repair-guide candidate; verify license and visual relevance before Roboflow"
"115","10_원천이미지_raw/20_학습후보/filter_bbox_seed_final_reviewed_115/filter_bbox_final_115.jpg","ifixit_lg_goldstar_filter_pending_visual_review","https://www.ifixit.com/Guide/How%2Bto%2BClean%2Ban%2BLG%2BGoldstar%2BBG5200ER%2BAir%2BConditioner%2BAir%2BFilter/150241","https://guide-images.cdn.ifixit.com/igi/OgAFsjrWacqymtUs.200x150","ifixit_public_guide_verify_license_before_training","filter","ready_for_roboflow_filter_bbox","accepted_for_filter_bbox_labeling","LG/Goldstar air conditioner filter repair-guide candidate; verify license and visual relevance before Roboflow"
